Fold,Property,log10_mean,log10_std
0,clearance,0.5943132728638955,0.6527548489028726
1,clearance,0.6065690075492167,0.6517099448005622
2,clearance,0.6125000136153721,0.6608461762194454
3,clearance,0.5999623311260813,0.658270458488663
4,clearance,0.6170447441384783,0.6281016822723501
0,half_life,0.6626028410826996,0.615972860934026
1,half_life,0.6803968715533694,0.618305573230851
2,half_life,0.6562264649762312,0.6258609239838209
3,half_life,0.6422209531142336,0.6084163491892586
4,half_life,0.6632938853018333,0.6411061014952636
0,fu,-0.9623295107276194,0.7785485309456249
1,fu,-1.0477391600456727,0.8351778051586094
2,fu,-1.0257495945536155,0.7968223381998946
3,fu,-1.0045894470399572,0.805629865469469
4,fu,-0.9847732505520734,0.8087024680974243
