smiles,value,ik
C#CCCCC(=O)c1cc(C(C)(C)C)c([O-])c(C(C)(C)C)c1,0.5260330946777357,ZHXUEUKVDMWSKV
C#CC[NH+](C)C(C)Cc1ccccc1,1.065598267534931,MEZLKOACVSPNER
C/C=C/c1cc(OC)c(OC)cc1OC,0.5185031581869771,RKFAZBXYICVSKP
C=C(CC)C(=O)c1ccc(OCC(=O)[O-])c(Cl)c1Cl,0.5108871634163751,AVOLMBLBETYQHX
C=CCOc1ccccc1OC[C@H](O)C[NH2+]C(C)C,0.42951886779774,CEMAWMOMDPGJMB
CC(=O)C(C#N)C(=O)Nc1ccc(C(F)(F)F)cc1,-4.237269953552775,NABQBYDEMLGCEO
CC(=O)N(CC(O)CO)c1c(I)c(C(=O)NCC(O)CO)c(I)c(C(=O)NCC(O)CO)c1I,-0.4688266832858248,NTHXOOBQLCIOLC
CC(=O)Nc1c(I)c(C(=O)[O-])c(I)c(N(C)C(C)=O)c1I,-0.2688392969725913,GGGDNPWHMNJRFN
CC(=O)Nc1c(I)c(NC(C)=O)c(I)c(C(=O)[O-])c1I,-0.5771280447255474,YVPYQUNUQOZFHG
CC(=O)Nc1ccc(OC[C@H](O)C[NH2+]C(C)C)cc1,-0.38151045957239554,DURULFYMVIFBIR
CC(=O)Oc1ccccc1C(=O)[O-],0.7251880108152071,BSYNRYMUTXBXSQ
CC(C)(C)[N+](O)=Cc1ccc(S(=O)(=O)[O-])cc1S(=O)(=O)[O-],-0.7307472332648679,DOZMLEONWYXOHJ
CC(C)(C)[NH2+]CC(O)c1cc([O-])cc([O-])c1,-0.11522010843327062,XWTYSIMOBUGWOL
CC(C)C[C@H](NC(=O)CNC(=O)c1cc(Cl)ccc1Cl)B(O)O,-1.392642555870378,MXAYKZJJDUDWDS
CC(C)[NH2+]CC(O)COc1ccc(CC(N)=O)cc1,-0.320125541341899,METKIMKYRPQLGS
CC(C)[NH2+]CC(O)c1cc([O-])cc([O-])c1,0.8312364944059722,LMOINURANNBYCM
CC(C)[NH2+]CC(O)c1ccc(NS(C)(=O)=O)cc1,-0.4688266832858248,ZBMZVLHSJCTVON
CC(C)[NH2+]C[C@H](O)COc1ccc([O-])cc1,1.1321344288549786,ADUKCCWBEDSMEB
CC(O)C(=O)Nc1c(I)c(C(=O)NC(CO)CO)c(I)c(C(=O)NC(CO)CO)c1I,-0.5030081391449484,XQZXYNRDCRIARQ
CCCCCCC[NH+](CC)CCCC(O)c1ccc(NS(C)(=O)=O)cc1,1.2404357902947007,ALOBUEHUHMBRLE
CCC[NH+](CCC)S(=O)(=O)c1ccc(C(=O)[O-])cc1,-1.8545504921626548,DBABZHXKTCFAPX
CCC[NH2+]C(C)C(=O)Nc1ccccc1C,1.3132053564283757,MVFGUOIZUNYYSO
CCC[S@+](O)CCC[NH+](CC)C[C@@H](O)COc1ccc(C#N)cc1,0.6851352192743424,FHBQOEUTMSRBQG
CC[C@@H](c1cccc([O-])c1)[C@@H](C)C[NH+](C)C,1.1085021084361222,KWTWDQCKEHXFFR
CC[N+](C)(C)c1cccc([O-])c1,0.5764868688712813,VWLHWLSRQJQWRG
CC[N+](CC)(CC)CCOc1cccc(OCC[N+](CC)(CC)CC)c1OCC[N+](CC)(CC)CC,-0.656107926029731,OZLPUNFFCJDMJD
CC[NH+](C)C(=O)Oc1cccc([C@H](C)[NH+](C)C)c1,0.7251880108152071,XSVMFMHYUFZWBK
CC[NH+](CC)CCNC(=O)c1cc(Br)c(N)cc1OC,0.7785278540024242,GIYAQDDTCWHPPL
CC[NH+](CC)CCNC(=O)c1cc(Cl)c(N)cc1OC,0.22909861866380704,TTWJBBZEZQICBI
CC[NH+](CC)CCNC(=O)c1cc(Cl)c(N)cc1OC(C)C(C)=O,0.5567613440605144,ZYOJXUNLLOBURP
CC[NH+](CC)CCNC(=O)c1cc(S(C)(=O)=O)ccc1OC,0.10054910303164714,JTVPZMFULRWINT
CC[NH+](CC)CCNC(=O)c1ccc(NC(C)=O)cc1,-0.006918746993548157,KEECCEWTUVWFCV
CC[NH+](CC)CCNC(=O)c1ccc(NS(C)(=O)=O)cc1,-0.058871717070334076,KHYPYQZQJSBPIX
CC[NH2+]CC(O)c1cccc([O-])c1,0.8279128352017681,SQVIAVUSQAWMKL
CC[NH2+][C@@H](C)Cc1cccc(C(F)(F)F)c1,0.6672043001309028,DBGIVFWFUFKIQN
CN(C(=O)CO)c1c(I)c(C(=O)NC[C@H](O)CO)c(I)c(C(=O)NC[C@H](O)CO)c1I,-0.7065121156189874,NJKDOADNQSYQEV
CNC(=O)c1c(I)c(NC(C)=O)c(I)c(C(=O)[O-])c1I,-0.34732900371327197,UXIGWFXRQKWHHA
COC(=O)CCc1ccc(OCC(O)C[NH2+]C(C)C)cc1,2.847630307249131,AQNDDEOPVVGCPG
COCC(=O)Nc1c(I)c(C(=O)NCC(O)CO)c(I)c(C(=O)[NH+](C)CC(O)CO)c1I,-0.7065121156189874,DGAIEPBNLOQYER
COCC(NC(C)=O)C(=O)NCc1ccccc1,-1.3053263321569486,VPPJLAIAVCUEMN
COCCCC/C(=N\OCC[NH3+])c1ccc(C(F)(F)F)cc1,1.377763009616157,CJOFXWAVKWHTFT
COC[C@@H](O)CN(C(C)=O)c1c(I)c(C(=O)NC[C@H](O)CO)c(I)c(C(=O)NC[C@H](O)CO)c1I,-0.771455600155246,IUNJANQVIJDFTQ
CS(=O)(=O)OCCN(CCBr)c1c(C(=O)NCCOP(=O)([O-])[O-])cc([N+](=O)[O-])cc1[N+](=O)[O-],1.6030275658423956,GZSOKPMDWVRVMG
CS(=O)(=O)c1ccc([C@@H](O)[C@@H](COC(=O)C[NH3+])NC(=O)C(Cl)Cl)cc1,0.5764868688712813,AMGKHLVPQHMHGQ
C[C@@H](Cc1ccccc1)NC(=O)C([NH3+])CCCC[NH3+],0.9572969060952086,VOBHXZCDAVEXEY
C[C@H]([NH3+])Cc1ccccc1,0.5833925502446929,KWTSXDURSIMDCE
C[C@]([NH3+])(Cc1ccc([O-])c([O-])c1)C(=O)[O-],-0.09590303738278498,CJCSPKMFHVPWAR
C[NH+](C)C(=O)Oc1cc(OC(=O)[NH+](C)C)cc(C(O)C[NH2+]C(C)(C)C)c1,0.9953868323316856,ANZXOIAKUNOVQU
C[NH+](C)C(=O)Oc1cccc([N+](C)(C)C)c1,0.5481254699982451,ALWKGYPQUAPLQC
C[NH+](C)N=Nc1ccc(C(=O)[O-])cc1,-0.7558970968183314,GUAZPUYTLMUTMA
C[NH2+][C@@H](C)Cc1ccccc1,0.0565952218947003,MYWUZJCMWCOHBA
Cc1cc(OC[C@H](O)C[NH2+]C(C)C)c(C)c(C)c1[O-],0.9251753971284407,HHMMIZFWFLNZEU
Cc1ccc(C(C[NH3+])CC(=O)[O-])cc1,-0.5771280447255474,MSZRPURXKHMSFF
Cc1cccc(C)c1NC(=O)C(C)[NH3+],-0.4053127143975762,BUJAGSGYPOAWEI
Cc1cccc(C)c1NC(=O)NCCC[NH2+]C(C)C,0.07157095974713254,WHJSFPCTWYLZRC
Cc1cccc(C)c1OCC(C)[NH3+],0.47952173711648977,VLPIATFUUWWMKC
NC(=O)c1cccc(N)c1,0.4466067858306122,GSCPDZHWVNUUFI
NC(=[NH2+])NC(=O)Cc1c(Cl)cccc1Cl,0.07157095974713254,INJOMKTZOLKMBF
Nc1ccc([O-])c(C(=O)[O-])c1,0.5553297811275111,KBOPZPXVLCULAV
O=C(/C=C/c1ccccc1)NCCO,-0.9374320858930979,OSCTXCOERRNGLW
O=C([O-])C(O)Cc1ccc([O-])c([O-])c1,0.9860665085271257,PAFLSMZLRSPALU
O=C([O-])CCCc1ccc(N(CCCl)CCCl)cc1,-0.2446041793267108,JCKYGMPEJWAADB
O=C([O-])CCNC(=O)c1ccccc1,0.5481254699982451,CWXYHOHYCJXYFQ
O=P([O-])([O-])C(Sc1ccc(Cl)cc1)P(=O)([O-])[O-],-1.5413436978143036,DKJJVAGXPKPDRL
O=S(=O)([O-])c1cc([O-])ccc1[O-],-1.02353778740438,IKQCSJBQLWJEPU
[NH3+]C(CCC(=O)NC(CS(=O)(=O)CCOP(=O)([NH+](CCCl)CCCl)[NH+](CCCl)CCCl)C(=O)NC(C(=O)[O-])c1ccccc1)C(=O)[O-],1.301615633192286,OJLHWPALWODJPQ
[NH3+]C(CCC(=O)NC(Cc1ccc([O-])c([O-])c1)C(=O)[O-])C(=O)[O-],0.08621753370596855,KEKSCSDLHBLBDJ
[NH3+]C(Cc1ccc(N(CCCl)CCCl)cc1)C(=O)[O-],0.36600489890949156,SGDBTWWWUNNDEQ
[NH3+]C(Cc1ccc([O-])c([O-])c1)C(=O)[O-],1.1587345482344473,WTDRDQBEARUVNC
[NH3+]CCc1ccc([O-])c([O-])c1,1.8602085432589015,VYFYYTLLBUKUHU
Cc1[n-]c(=O)c(C#N)cc1-c1ccncc1,0.28513095961103224,PZQLJSXMNYUAPE
Nc1cc(-c2ccncc2)c[n-]c1=O,0.5260330946777357,XVHWSUQCRXQYRF
Nc1nc2c(ncn2COC(CO)CO)c(=O)[n-]1,0.08621753370596855,IRSCQMHQWWYFCW
Nc1nc2c(ncn2COCCO)c(=O)[n-]1,0.10054910303164714,MKUXAQIIEYXACX
O=P1([NH+](CCCl)CCCl)[NH2+]CCCO1,-0.8672206506898529,CMSMOCZEIVJLDB
O=P1([NH2+]CCCl)OCCC[NH+]1CCCl,-0.8672206506898529,HOMGKSMUEGBAAB
CC[NH+](CC)CCCC(C)[NH2+]c1c2ccc(Cl)cc2nc2ccc(OC)cc12,0.15497871308320801,GPKJTRJOBQGKQK
C[NH+](C)CCNC(=O)c1cccc2cc3ccccc3nc12,0.9296849899635541,XBGNERSKEKDZDS
Cc1[nH]c2ccccc2c1CC[NH2+]Cc1ccc(/C=C/C(O)=NO)cc1,0.6168866493754845,FPOHNWQLNRZRFC
OCC[NH+](CCc1c[nH]c2ccccc12)Cc1ccc(/C=C/C(O)=NO)cc1,0.420807733439605,BWDQBBCUWLSASG
C=CCC1=CC(C)C[C@H](C)C[C@H](OC)[C@H]2O[C@@](O)(C(=O)C(=O)[NH+]3CCCCC3C(=O)O[C@H](/C(C)=C/[C@@H]3CC[C@@H](O)[C@H](OC)C3)[C@H](C)[C@@H](O)CC1=O)[C@H](C)C[C@@H]2OC,-1.168420051911264,SLUYGGAVUSVJOT
CC(=O)OC1=C2C(C)[C@@H](OC(=O)C(O)C(CC(C)C)NC(=O)OC(C)(C)C)[C@@H]3OC(=O)O[C@]3([C@@H](OC(=O)c3ccccc3)[C@@H]3[C@]4(OC(C)=O)CO[C@@H]4C[C@H](O)[C@@]3(C)C1=O)C2(C)C,0.46491084585901055,WLMLBPXCIMUMPA
CC(C)(C)C1(O)CC2OC(=O)CC23C(=O)OC2OC(=O)C(O)C231,0.6036903312426541,MOLPUWBMSBJXER
CC(C)=CCC[C@](C)(O[C@@H]1O[C@H](CO)[C@@H](O)[C@H](O)[C@H]1O)[C@H]1CC[C@]2(C)[C@@H]1[C@H](O)C[C@@H]1[C@@]3(C)CC[C@H](O[C@@H]4O[C@H](CO)[C@@H](O)[C@H](O)[C@H]4O[C@@H]4O[C@H](CO)[C@@H](O)[C@H](O)[C@H]4O)C(C)(C)[C@@H]3CC[C@]12C,-2.5353710056021024,RLDVZILFNVRJTL
CC(O)C(CO)NC(=O)C1CSSCC(NC(=O)C([NH3+])Cc2ccccc2)C(=O)NC(Cc2ccccc2)C(=O)NC(Cc2c[nH]c3ccccc23)C(=O)NC(CCCC[NH3+])C(=O)NC(C(C)O)C(=O)N1,-0.3529055407664333,DEQANNDTNATYII
CC1(C)S[C@@H]2C(NC(=O)C(NC(=O)[NH+]3CC[NH+](/N=C/c4ccco4)C3=O)c3ccc([O-])cc3)C(=O)[NH+]2C1C(=O)[O-],-0.07528165871179514,YSUBQYRZZFVMTL
CCC1(c2ccccc2)C(=O)[N-]C(=O)[N-]C1=O,-2.773056437935265,DDBREPKUVSBGFI
CCCCCCCCOCCOC(=O)CN(CC(=O)[O-])c1ccccc1OCCOc1ccccc1N(CC(=O)[O-])CC(=O)OCCOCCCCCCCC,0.8279128352017681,FTGBVHPWUIHWRH
CCCc1c2oc(C(=O)[O-])cc(=O)c2cc2c(=O)cc(C(=O)[O-])n(CC)c12,0.6168866493754845,RQTOOFIXOKYGAN
CCOC(=O)N[C@@H]1CC[C@@H]2[C@H](CC3C(=O)O[C@H](C)[C@H]3[C@H]2/C=C/c2ccc(-c3cccc(F)c3)cn2)C1,-1.6496450592540262,ZBGXUVOIWDMMJE
CCOc1ccc(Cc2cc(C3O[C@H](CO)[C@@H](O)[C@H](O)[C@H]3O)ccc2Cl)cc1,-0.19862786176934624,JVHXJTBJCFBINQ
CC[C@@]1(O)CC(=O)OCc2c1cc1n(c2=O)Cc2cc3cc(F)c(F)cc3nc2-1,0.48908734091509887,LFQCJSBXBZRMTN
CC[NH+](CC)CCNc1ccc(CNC=O)c2sc3ccc(OC)cc3c(=O)c12,-0.17677697668124434,GWLFIMOOGVXSMZ
CNC(=O)C(c1ccccc1)[NH+]1CCc2cc(OC)c(OC)cc2[C@@H]1CCc1ccc(C(F)(F)F)cc1,0.6168866493754845,DKMACHNQISHMDN
COC(=O)C1=C(C)[NH2+]C(C)=C(C(=O)OCCC[NH+]2CCC(c3ccccc3)(c3ccccc3)CC2)[C@@H]1c1cccc([N+](=O)[O-])c1,0.5553297811275111,SVJMLYUFVDMUHP
COCC[NH+]1CC[NH+](Cc2ccc(-c3n[n-]c4c3C(=O)c3c(NC(=O)[N-]N5CCOCC5)cccc3-4)cc2)CC1,0.6968266119421708,MWEDKXFBJWFDMN
CON=C(C(=O)NC1C(=O)[NH+]2C(C(=O)[O-])=C(CSc3nnnn3C)CS[C@H]12)c1csc(N)n1,-0.06793841868761334,HJJDBAOLQAWBMH
CO[C@@]1(NC(O)=c2sc(=C(C(N)=O)C(=O)[O-])s2)C(=O)[NH+]2C(C(=O)[O-])=C(CSc3nnnn3C)CS[C@@H]21,-1.5088303086309875,SMRZELGKBINBNK
COc1c(OCCC[NH+]2CCOCC2)ccc2c1[NH+]=C(NC(=O)c1cnc(N)nc1)N1CC[NH+]=C21,0.3083672761524862,PZBCKZWLPGJMAO
COc1cc2c(cc1OC)[C@H]1C[C@@H](OC(=O)C([NH3+])C(C)C)[C@H](CC(C)C)C[NH+]1CC2,-0.5732195743481935,GEJDGVNQKABXKG
COc1ccc(CC[NH+](C)CCC[NH+]2Cc3cc(OC)c(OC)cc3C2=O)cc1OC,0.9047079643248186,UUMGNNQOCVDZDG
COc1cccc(OCCC[NH3+])c1-c1cc(Nc2cnc(C#N)cn2)n[n-]1,1.419204842387485,YAYJXMKECMESSL
CSCC(NC(=O)COc1cccc2cnccc12)C(=O)NC(Cc1ccccc1)C(O)C(=O)[NH+]1CSCC1C(=O)NC(C)(C)C,0.6362037204259702,NJBBLOIWMSYVCQ
C[C@@H]1CCC[C@H](C)[NH+]1CCCC(O)(c1ccccc1)c1ccccn1,-0.53903811848907,APUDBKTWDCXQJA
C[C@@]1(Cn2ccnn2)C(C(=O)[O-])[NH+]2C(=O)C[C@H]2S1(=O)=O,0.11596580568943589,LPQZKKCYTLCDGQ
C[C@H]1[C@H](C)CC[C@]2(C(=O)[O-])CC[C@@]3(C)C(=CC[C@@H]4[C@@]5(C)CC[C@H](O)C(C)(C)[C@@H]5CC[C@]43C)[C@H]12,-0.028936250982139457,WCGUUGGRBIKTOS
C[NH+](C(=O)Cc1cccc2sccc12)[C@@H]1CCCC[C@H]1[NH+]1CCCC1,-0.19862786176934624,SYHJZCCNQDFHJQ
C[NH+](C)CCNc1ccc2c3c(nn2CC[NH2+]CCO)-c2cnccc2C(=O)c13,1.2655856538481645,ZHAKYGFJVGCOAE
C[NH+](c1nccc(=O)[n-]1)C1CCN(c2nc3ccccc3n2Cc2ccc(F)cc2)CC1,-0.9110368616911925,PVLJETXTTWAYEW
C[NH+]1C[C@@H]2c3ccccc3Oc3ccc(Cl)cc3[C@H]2C1,0.747038895903309,VSWBSWWIRNCQIJ
Cc1ccc(C(=O)[NH+](CCC[NH3+])C(c2nc3snc(C)c3c(=O)n2Cc2ccccc2)C(C)C)cc1,0.24412631490299777,SMFXSYMLJDHGIE
Cc1ccsc1C(=CCC[NH+]1CCCC(C(=O)[O-])C1)c1sccc1C,-0.6175278252297505,PBJUNZJWGZTSKL
Cc1nc(N[N-]C(=O)C(CC2CCCC2)CN(O)C=O)c(F)c(N2CC[NH+]3CCOCC3C2)n1,0.21730375696556573,GUSBDXDBKXIJPI
Cn1c(=O)c2nc[n-]c2n(C)c1=O,-1.0312418303073732,GUMTYTFCQLOVQF
Fc1ccc([C@@H]2CC[NH2+]C[C@H]2COc2ccc3c(c2)OCO3)cc1,0.9953868323316856,AHOUBRCZNHFOSL
NC(=[NH2+])N/N=C1\CCc2c(C(N)=[NH2+])cccc21,-0.1556198889374738,CYPGNVSXMAUSJY
NC(=[NH2+])c1ccc(OCCCCCOc2ccc(C(N)=[NH2+])cc2)cc1,1.9374611700426978,XDRYMKDFEDOLFX
Nc1c(CC(=O)[O-])cccc1C(=O)c1ccc(Br)cc1,-0.7558970968183314,ZBPLOVFIXSTCRZ
Nc1nc(=O)c2ncn(CCC(CO)CO)c2[n-]1,0.48750257848204437,JNTOCHDNEULJHD
Nc1nc2c(Cc3cccnc3)c[nH]c2c(=O)[n-]1,0.28513095961103224,SYBSQUKVJRIRQQ
O=C(NCC[NH+]1CCOCC1)Nc1nc2ccc(Sc3nnc4ccc(-c5ccc(F)cc5)nn34)cc2s1,0.48272555236946063,ODIUNTQOXRXOIV
O=C([O-])C1O[C@@H](Oc2cc3oc(-c4ccc([O-])cc4)cc(=O)c3c([O-])c2[O-])[C@H](O)[C@@H](O)[C@@H]1O,1.62899229192264,DJSISFGPUUYILV
O=C([O-])Cn1c(=O)c(=O)[n-]c2cc([N+](=O)[O-])c(-n3ccnc3)cc21,0.18061234601474932,ZNNUYLKNLMGQPE
O=C1NCC2(CC[NH+](CCc3ccccc3)CC2)O1,-0.2939891605260547,FVNFBBAOMBJTST
O=c1c(CC[S+](O)c2ccccc2)c(O)n(-c2ccccc2)n1-c1ccccc1,-1.6496450592540262,VESRCPPWLJEJIB
[NH3+]C(C(=O)[O-])[C@@H]1CC(Cl)=NO1,-1.1780085955983084,QAWIHIJWNYOLBE
[NH3+][C@@H](CC(=O)[NH+]1CCn2c(nnc2C(F)(F)F)C1)Cc1cc(F)c(F)cc1F,0.26328007452293045,MFFMDFFZMYYVKS
C=CC[NH+]1CCCC1CNC(=O)c1cc2[n-]nnc2cc1OC,0.3267940434111789,FZZJFTPPUFKIDP
CC(=[NH2+])N1CC[C@H](SC2=C(C(=O)[O-])[NH+]3C(=O)C([C@@H](C)O)[C@H]3C2)C1,-0.2939891605260547,TYMABNNERDVXID
CC(C)(C)c1[n-]cnc1/C=c1\[n-]c(=O)/c(=C/c2ccccc2)[n-]c1=O,0.4030362192219426,BWATXCRFYWUIDU
CC(C)C(=O)OCC(=O)[C@]12O[C@@H](C3CCCCC3)O[C@@H]1C[C@@H]1[C@@H]3CC=C4CC(=O)C=C[C@]4(C)[C@H]3[C@@H](O)C[C@@]12C,1.405341798547176,UGGUCACMQFGWAH
CC(C)[N@+]1(C)[C@H]2CC[C@H]1C[C@H](OC(=O)C(c1ccccc1)C1CCCC1)C2,0.48829543079334164,WNMNMBROVJBYLM
CCC(=O)O[C@](Cc1ccccc1)(c1ccccc1)[C@H](C)C[NH+](C)C,0.8738891527591326,XLMALTXPSGQGBX
CCCCC1=[NH+]C2(CCCC2)C(=O)N1Cc1ccc(-c2ccccc2-c2nnn[n-]2)cc1,-0.37569040258630826,YZTMOTXOTDTVTA
CCC[C@H]([NH2+]c1nc(-c2ccc(NC(=O)NCC)c(OC)c2)ncc1C)c1cccnc1,1.1351429770306978,MTJHLONVHHPNSI
CCOc1ccc(CC2=[NH+]CCc3cc(OCC)c(OCC)cc32)cc1OCC,-0.09590303738278498,NCVXEYAKRVJMTQ
CC[C@H](c1ccccc1)c1c([O-])c2ccccc2oc1=O,-3.5376765849273357,DQDAYGNAKTZFIW
CCc1ccc(Cc2ccc3c(c2)[C@]2(OC3)O[C@H](CO)[C@@H](O)[C@H](O)[C@H]2O)cc1,-0.4459018377895533,VWVKUNOPTJGDOB
CNC(=O)Nc1c(OCC[NH+]2CCCC2)c(OC)c2occc2c1OC,-0.1556198889374738,BWMMRMDCODVQBX
CO[C@@]1(NC(=O)CSCC#N)C(=O)[NH+]2C(C(=O)[O-])=C(CSc3nnnn3C)CS[C@@H]21,-0.6605357980616228,SNBUBQHDYVFSQF
COc1cc(OC)c(/C=C/S(=O)(=O)Cc2ccc(OC)c(NCC(=O)[O-])c2)c(OC)c1,-0.656107926029731,OWBFCJROIKNMGD
COc1ccc2[nH]c3c(c2c1)CC[NH2+][C@]31CS[C@@H]2c3c(OC(C)=O)c(C)c4c(c3[C@H](COC1=O)[NH+]1[C@@H]2[C@H]2c3c(cc(C)c(OC)c3[O-])C[C@@H]([C@@H]1O)[NH+]2C)OCO4,-0.2541927230137553,YDDMIZRDDREKEP
CS(=O)(=O)N(CCO)c1c(Cl)c(Cl)cc2[n-]c(=O)c(=O)[n-]c12,0.26328007452293045,SKPPMUTYNNTSEH
C[C@@H]1C[C@H]2C3C[C@H](F)C4=CC(=O)C=C[C@]4(C)[C@@]3(F)[C@@H](O)C[C@]2(C)[C@@]1(OC(=O)c1ccco1)C(=O)SCF,0.7987231052226563,XTULMSXFIHGYFS
C[C@]12CC=C3C4=C(CCC3[C@@H]1CC[C@@]2(O)CC#N)CC(=O)CC4,-0.7610430087908948,WUQMVSOZWZOUJR
C[NH+]1C(C(=O)Nc2ccccn2)C(=O)c2sccc2S1(=O)=O,-3.267477763410857,OTGJPAOGHQFBMI
C[NH+]1CC[NH+](C(c2ccccc2)c2ccccc2)CC1,0.851297420136099,UVKZSORBKUEBAZ
Cc1[n-]cnc1C[NH+]1CCc2c(c3ccccc3n2C)C1=O,0.5108871634163751,QPIMGCPPYUUAAD
Cc1ccc(-c2ncc(Cl)cc2-c2ccc(S(C)(=O)=O)cc2)cn1,-1.0878181649901435,MNJVRJDLRVPLFE
Cc1cn([C@H]2C=C[C@@H](CO)O2)c(=O)[n-]c1=O,0.47144415592510847,XNKLLVCARDGLGL
Cn1cc(C(=O)C2CCc3[n-]cnc3C2)c2ccccc21,0.368854763362819,GBSUVAOSPDUUEW
N#Cc1c(N2C[C@@H]3[NH2+]CCO[C@H]3C2)c(F)cc2c(=O)c(C(=O)[O-])cn(C3CC3)c12,0.2349186756498942,FYMHQCNFKNMJAV
Nc1cc(OCC2CC2)c(C(=O)NC2C[NH+]3CCC2CC3)cc1Cl,0.16791877576622197,DBQMQBCSKXTCIJ
Nc1nc(OCc2cc(Br)cs2)c2[n-]cnc2n1,1.1153401490136456,MZFGNRVCNZVTOQ
O=C([O-])c1ccc(-n2nc(-c3ccccc3[O-])nc2-c2ccccc2[O-])cc1,-1.046922372338711,BOFQWVMAQOTZIW
O=C1c2ccccc2S(=O)(=O)[NH+]1CCCC[NH2+]C[C@H]1CCc2ccccc2O1,-0.4053127143975762,YGYBFMRFXNDIPO
O=c1ccc2ncc(=O)n3c2n1C[C@H]3C[NH+]1CCC([NH2+]Cc2cc3c(cn2)OCCC3)CC1,0.5502949530506932,PZFAZQUREQIODZ
[O-]c1ccc2c3c1O[C@H]1[C@@H](O)CC[C@@]4(O)[C@@H](C2)[NH+](CC2CCC2)CC[C@]314,1.1291122364231791,NETZHAKZCGBWSS
C#Cc1cccc(Nc2ncnc3cc(OC)c(OCCCCCCC(O)=NO)cc23)c1,0.7246324523928372,PLIVFNIUGLLCEK
C=C1CC[C@@H]2[C@](C)(COC(=O)CCC(=O)[O-])[C@H](OC(=O)CCC(=O)[O-])CC[C@@]2(C)[C@@H]1/C=C/C1=CCOC1=O,-0.4688266832858248,YTHKMAIVPFVDNU
CC(=O)NC(CO)C(=O)NC(CC(=O)[O-])C(=O)NC(CCCC[NH3+])C(=O)[NH+]1CCCC1C(=O)[O-],1.0208108749834568,HJDRXEQUFWLOGJ
CC(=O)O[C@H]1C[C@@H]2CC[C@@H]3[C@H](CC[C@@]4(C)[C@H]3C[C@H]([NH+]3CC[N+](C)(C)CC3)[C@@H]4OC(C)=O)[C@@]2(C)C[C@@H]1[NH+]1CC[N+](C)(C)CC1,-0.19862786176934624,OWWLUIWOFHMHOQ
CC(C)(C)C(NC(=O)C(CC1CCCC1)CN(O)C=O)C(=O)[NH+]1CC[NH+](Cc2ccc3c(c2)OCO3)CC1,-0.17677697668124434,IBEANEPZNLVRRY
CC(C)=c1nc(N(C)S(C)(=O)=O)nc(-c2ccc(F)cc2)c1=CC[C@@H](O)C[C@@H](O)CC(=O)[O-],0.6672043001309028,DRLXVNRHGMULCY
CC(C)[NH2+]C[C@@H](O)COc1cccc2c1N(C(=O)c1cccnc1)CCC2,-0.07713018219679328,AUIHHZBJBKRDIE
CC1(C)S[C@@H]2C(NC(=O)C(NC(=O)[NH+]3CCNC3=O)c3ccccc3)C(=O)[NH+]2C1C(=O)[O-],-0.320125541341899,JTWOMNBEOCYFNV
CC1CC[NH+](CCCC(=O)c2ccc(F)cc2)CC1,1.6206424845267242,DKMFBWQBDIGMHM
CCC(C)n1ncn(-c2ccc(N3CCN(c4ccc(OCC5COC(Cn6cncn6)(c6ccc(Cl)cc6Cl)O5)cc4)CC3)cc2)c1=O,0.15497871308320801,VHVPQPYKVGDNFY
CCCC(=O)OCOC(=O)C1=C(C)[NH2+]C(C)=C(C(=O)OC)C1c1cccc(Cl)c1Cl,2.371790317403955,KPBZROQVTHLCDU
CCCCCCCC(=O)N[C@H](C[NH+]1CCCC1)[C@H](O)c1ccc2c(c1)OCCO2,1.0965231165404197,FJZZPCZKBUKGGU
CCCCc1oc2ccc(NS(C)(=O)=O)cc2c1C(=O)c1ccc(OCCC[NH+](CCCC)CCCC)cc1,1.4059418816935672,ZQTNQVWKHCQYLQ
CCOC(=O)C1=C[C@]2(CC)CCC[NH+]3CCc4c(n1c1ccccc41)[C@@H]32,0.2742950738863669,DDNCQMVWWZOMLN
CC[C@@H](CO)NC(=O)C1C=C2c3cccc4[nH]cc(c34)C[C@H]2[NH+](C)C1,0.3829240886748369,UNBRKDKAWYKMIV
CC[NH+](CCO)CCCC(C)[NH2+]c1ccnc2cc(Cl)ccc12,0.6672043001309028,XXSMGPRMXLTPCZ
CCn1cc(C(=O)[O-])c(=O)c2cnc(N3CC[NH2+]CC3)nc21,-0.23515164794527918,JOHZPMXAZQZXHR
COC(=O)C[C@@](O)(CCCC(C)(C)O)C(=O)O[C@@H]1C(OC)=C[C@]23CCC[NH+]2CCc2cc4c(cc2[C@H]13)OCO4,-0.20757285901425981,HYFHYPWGAURHIV
COC1C(=O)C(C)C[C@H](C)/C=C/C=C/C=C(\C)[C@@H](OC)C[C@@H]2CC[C@@H](C)[C@@](O)(O2)C(=O)C(=O)[NH+]2CCCCC2C(=O)O[C@H]([C@H](C)C[C@@H]2CC[C@H](n3cnnn3)[C@H](OC)C2)CC(=O)C(C)=CC(C)[C@H]1O,-1.197609781890376,UOZZDEYFDFKHQS
CON=C(C(=O)NC1C(=O)[NH+]2C(C(=O)[O-])=C(C[N+]3(C)CCCC3)CS[C@H]12)c1csc(N)n1,-0.4053127143975762,HVFLCNVBZFFHBT
COc1c(C)cc2c(c1[O-])[C@@H]1[C@@H]3Cc4c(OC(C)=O)c(C)c5c(c4[C@H](CNC(=O)/C=C/c4cccc(C(F)(F)F)c4)[NH+]3[C@@H](O)[C@H](C2)[NH+]1C)OCO5,0.7251880108152071,VPAHZSUNBOYNQY
COc1cc([S+](C)O)ccc1-c1nc2cnccc2[n-]1,1.0885231130312025,DFXNTMSPOLVEQB
COc1ccc(CC2c3cc(OC)c(OC)cc3CC[N+]2(C)CCC(=O)OCCCCCOC(=O)CC[N+]2(C)CCc3cc(OC)c(OC)cc3C2Cc2ccc(OC)c(OC)c2)cc1OC,0.22909861866380704,YXSLJKQTIDHPOT
COc1ccc([C@@H]2CNC(=O)C2)cc1OC1CCCC1,0.29579346370624643,HJORMJIFDVBMOB
COc1cccc2c1C(=O)c1c([O-])c3c(c([O-])c1C2=O)C[C@@](O)(C(=O)CO)C[C@@H]3O[C@H]1C[C@H]([NH3+])[C@H](OCc2ccccc2)[C@H](C)O1,1.0136452974581445,FIGNGSHKNAHTSH
CSCO[C@H]1C[C@H]2OC[C@@]2(OC(C)=O)[C@H]2[C@H](OC(=O)c3ccccc3)[C@]3(O)C[C@H](OC(=O)C(O)C(NC(=O)c4ccccc4)c4ccccc4)C(C)=C(C(OC(C)=O)C(=O)[C@]12C)C3(C)C,0.3062880473548027,UBJAHGAUPNGZFF
C[C@@H](OC[C@@]1(c2ccccc2)CC[C@]2(CCC(=O)N2)C[NH2+]1)c1cc(C(F)(F)F)cc(C(F)(F)F)c1,-1.5755251536734274,FIVSJYGQAIEMOC
C[C@@H](c1cccnc1F)c1c(CC[NH+](C)C)sc2ccccc12,0.6298267120584987,KLFVGKSTNOVPOR
C[C@]12C[C@]3(O)O[C@@H](O1)[C@@]1(COC(=O)c4ccccc4)[C@@H]3C[C@]12O[C@@H]1O[C@H](CO)[C@@H](O)[C@H](O)[C@H]1O,-0.4523717166594451,YKRGDOXKVOZESV
C[NH+](C)CCO[C@]1(c2ccccc2)C[C@H]2CC[C@]1(C)C2(C)C,0.1255939319424411,QOBGWWQAMAPULA
C[NH+]1CC[C@H](c2c([O-])cc([O-])c3c(=O)cc(-c4ccccc4Cl)oc23)[C@H](O)C1,0.2742950738863669,BIIVYFLTOXDAOV
C[NH2+][C@@H]1[C@H](O[C@H]2[C@H](O[C@H]3[C@H](O)[C@@H](O)[C@H](NC(N)=[NH2+])[C@@H](O)[C@@H]3NC(N)=[NH2+])O[C@@H](C)[C@]2(O)C=O)O[C@@H](CO)[C@H](O)[C@H]1O,-1.096307353538055,UCSJYZPVAKXKNQ
Cc1cc(NC(=O)C2C(=O)c3ccccc3S(=O)(=O)[NH+]2C)no1,-2.7028450027320194,SPTMROWPYQRZSX
Cc1ccccc1-c1cc(N2CC[NH+](C)CC2)ncc1N(C)C(=O)C(C)(C)c1cc(C(F)(F)F)cc(C(F)(F)F)c1,-0.23750224046725793,WAXQNWCZJDTGBU
Cc1cnc(NC(=O)C2C(=O)c3ccccc3S(=O)(=O)[NH+]2C)s1,-2.3436618908263043,ZAHQBPYQBHTECE
Clc1ccc2nsnc2c1NC1=[NH+]CCN1,0.6672043001309028,XFYDIVBRZNQMJC
N#C[C@H]1CCC[NH+]1C(=O)C[NH2+]C12C[C@@H]3C[C@@H](CC(O)(C3)C1)C2,0.5969928649276577,SYOKIDBDQMKNDQ
NC(=[NH2+])N=c1[nH]c(CSCCC(=[NH2+])NS(N)(=O)=O)cs1,0.3267940434111789,XUFQPHANEAPEMJ
Nc1nc(C(=NO)C(=O)NC2C(=O)[NH+]3C(C(=O)[O-])=C(C=C4CC[NH+]([C@@H]5CC[NH2+]C5)C4=O)CS[C@H]23)ns1,-0.6605357980616228,VOAZJEPQLGBXGO
O=C(NC[C@H](O)CO)c1ccncc1Nc1ccc(I)cc1F,0.5116526916901496,VIUAUNHCRHHYNE
O=C([O-])CCCSCC[NH+]1C(=O)CC[C@@H]1/C=C/[C@@H](O)Cc1ccc(F)cc1,0.9080928213243478,SFNFINFMKONOSM
O=C1NC(c2ccccc2)(c2ccccc2)C(=O)[NH+]1COP(=O)([O-])[O-],-0.09590303738278498,XWLUWCNOOVRFPX
O=P([O-])([O-])OC(Cn1cncn1)(Cn1cncn1)c1ccc(F)cc1F,-0.7558970968183314,GHJWNRRCRIGGIO
O=c1[n-]cnc2c([C@@H]3[NH2+][C@H](CO)[C@@H](O)[C@H]3O)c[nH]c12,-0.6343994172457784,PTXSXTACIONDJX
OC[C@@H]1O[C@@H](n2cnc3c2[NH+]=CNC[C@H]3O)C[C@H]1O,-0.6051486651257847,FPVKHBSQESCIEP
[H]/[NH+]=C(\N)c1cccc(CC(C(=O)OC)[C@@H](C)NC(=O)c2ccc(-c3cc[n+]([O-])cc3)cc2)c1,0.40123272072186317,PFGVNLZDWRZPJW
[NH3+]CCCNc1ccc2c(C[NH2+]CCO)nn3c4c([O-])ccc([O-])c4c(=O)c1c23,0.9953868323316856,IQCIQDNWBGEGRL
c1ccc(C2([NH+]3CCCCC3)CCCCC2)cc1,0.15497871308320801,JTJMJGYZQZDUJJ
CN(C)c1cc(C[NH2+]CC(C)(C)C)c([O-])c2c1C[C@H]1C[C@H]3[C@H]([NH+](C)C)C([O-])=C(C(N)=O)C(=O)[C@@]3(O)C([O-])=C1C2=O,-0.3642005957292999,JEECQCWWSTZDCK
CN(C)c1cc(NC(=O)C[NH2+]C(C)(C)C)c([O-])c2c1C[C@H]1C[C@H]3[C@H]([NH+](C)C)C([O-])=C(C(N)=O)C(=O)[C@@]3(O)C([O-])=C1C2=O,-0.041100202852671734,FPZLLRFZJZRHSY
CN(C)c1ccc([O-])c2c1C[C@H]1C[C@H]3[C@H]([NH+](C)C)C([O-])=C(C(N)=O)C(=O)[C@@]3(O)C([O-])=C1C2=O,-0.8092369400055486,DYKFCLLONBREIL
C[C@H]1c2cccc([O-])c2C(=O)C2=C([O-])[C@]3(O)C(=O)C(C(N)=O)=C([O-])[C@@H]([NH+](C)C)[C@@H]3[C@@H](O)[C@@H]21,-1.448207417114787,JBIWCJUYHHGXTC
C[NH+](C)[C@@H]1C([O-])=C(C(N)=O)C(=O)[C@@]2(O)C([O-])=C3C(=O)c4c([O-])ccc(Cl)c4[C@@H](O)[C@H]3C[C@@H]12,-0.8672206506898529,FMTDIUIBLCQGJB
C[NH+](C)[C@@H]1C([O-])=C(C(N)=O)C(=O)[C@@]2(O)C([O-])=C3C(=O)c4c([O-])ccc(Cl)c4[C@@](C)(O)[C@H]3C[C@@H]12,-0.4688266832858248,CYDMQBQPVICBEU
C[NH+](C)[C@@H]1C([O-])=C(C(N)=O)C(=O)[C@@]2(O)C([O-])=C3C(=O)c4c([O-])cccc4[C@@](C)(O)[C@H]3C[C@@H]12,-0.6605357980616228,OFVLGDICTFRJMM
C[NH+](C)[C@@H]1C([O-])=C(C(N)=O)C(=O)[C@@]2(O)C([O-])=C3C(=O)c4c([O-])cccc4[C@@](C)(O)[C@H]3[C@H](O)[C@@H]12,-0.4688266832858248,IWVCMVBTMGNXQD
C#C[C@@]1(O)[C@@H](CO)O[C@H](n2ccc(N)nc2=O)[C@@H]1O,-0.6175278252297505,JFIWEPHGRUDAJN
CCCCCCCC/C=C/CCCCCCCC(=O)OC[C@H]1O[C@@H](n2ccc(N)nc2=O)[C@@H](O)[C@@H]1O,0.0759988317790243,FLFGNMFWNBOBGE
Nc1ccn([C@@H]2O[C@H](CO)C[C@@H]2F)c(=O)n1,0.2742950738863669,LTDCCBLBAQXNKP
Nc1ccn([C@@H]2O[C@H](CO)[C@@H](O)C2(F)F)c(=O)n1,1.3788050618832817,SDUQYLNIPVEERB
Nc1ccn([C@@H]2O[C@H](CO)[C@@H](O)[C@@H]2O)c(=O)n1,1.5547629754493617,UHDGCWIWMRVCDJ
Nc1ccn([C@H]2CC[C@@H](CO)O2)c(=O)n1,0.21730375696556573,WREGKURFCTUGRC
Nc1nc(=O)n([C@H]2C[C@H](O)[C@@H](CO)O2)cc1F,0.1536707788281331,IDYKCXHJJGMAEV
CC1(C)S[C@@H]2C(NC(=O)C(NC(=O)NC(N)=[NH2+])c3ccccc3)C(=O)[NH+]2C1C(=O)[O-],-0.6175278252297505,GIPLLNWRTXVAHM
CC1(C)S[C@@H]2C(NC(=O)C([NH3+])c3ccccc3)C(=O)[NH+]2C1C(=O)[O-],-0.2446041793267108,AVKUERGKIZMTKX
CC1(C)S[C@@H]2C(NC(=O)C(c3ccccc3)S(=O)(=O)[O-])C(=O)[NH+]2C1C(=O)[O-],-0.6175278252297505,JETQIUPBHQNHNZ
CC1(C)S[C@@H]2C(NC(=O)Cc3ccccc3)C(=O)[NH+]2C1C(=O)[O-],0.35641635522244713,JGSARLDLIJGVTE
CNC(=O)CC([NH3+])C(=O)NC(C(=O)NC1C(=O)[NH+]2C(C(=O)[O-])C(C)(C)S[C@H]12)c1ccc([O-])cc1,-0.23986115368807684,BHELIUBJHYAEDK
CCOP(=O)(OCC)[C@@H](NC(=O)[C@]1(O)[C@@H](O)[C@@]2(CC)C=CC[NH+]3CC[C@]4(c5cc([C@@]6(C(=O)OC)C[C@H]7C[N@@H+](CCc8c6[nH]c6ccccc86)C[C@@](O)(CC)C7)c(OC)cc5[NH+](C)[C@@H]14)[C@@H]32)C(C)C,-0.09590303738278498,BOELCLFVOBIXIF
CC[C@]1(O)C[C@@H]2C[NH+](CCc3c([nH]c4ccccc34)[C@@](C(=O)OC)(c3cc4c(cc3OC)[NH+](C)[C@H]3[C@@](O)(C(=O)OC)[C@H](OC(C)=O)[C@]5(CC)C=CC[NH+]6CC[C@]43[C@@H]65)C2)C1,-0.17677697668124434,JXLYSJRDGCGARV
CC[C@]1(O)C[C@@H]2C[NH+](CCc3c([nH]c4ccccc34)[C@@](C(=O)OC)(c3cc4c(cc3OC)[NH+](C=O)[C@H]3[C@@](O)(C(=O)OC)[C@H](OC(C)=O)[C@]5(CC)C=CC[NH+]6CC[C@]43[C@@H]65)C2)C1,-0.4688266832858248,OGWKCGZFUXNPDA
CC[C@]1(O)C[C@H]2C[NH+](CCc3c([nH]c4ccccc34)[C@@](C(=O)OC)(c3cc4c(cc3OC)[NH+](C)[C@H]3[C@@](O)(C(N)=O)[C@H](O)[C@]5(CC)C=CC[NH+]6CC[C@]43[C@@H]65)C2)C1,-0.4053127143975762,HHJUWIANJFBDHT
COCCCOc1ccnc(C[S+](O)c2nc3ccccc3[n-]2)c1C,-0.006918746993548157,LKQSVGARAMZJHW
COc1ccc2[n-]c([S+](O)Cc3ncc(C)c(OC)c3C)nc2c1,0.48750257848204437,QOFAHZLHNNZSDW
COc1ccnc(C[S+](O)c2nc3ccc(OC(F)F)cc3[n-]2)c1OC,-0.4053127143975762,BAWFOUUZISIBNG
Cc1c(OCC(F)(F)F)ccnc1C[S+](O)c1nc2ccccc2[n-]1,0.0565952218947003,VUMWDAKRMSFXHU
C#C[C@]1(O)CC[C@H]2[C@@H]3CC=C4CC(=O)CCC4[C@H]3CC[C@@]21CC,-0.53903811848907,LYRBZVWRTAFWPO
C[C@@H]1C=C2CC(=O)CCC2[C@H]2CC[C@]3(C)[C@@H](O)CC[C@H]3[C@H]12,1.065598267534931,RKBUNNDYKVHJKD
C[C@]12CC[C@H]3[C@@H](CC=C4CC(=O)CC[C@@]43C)[C@@H]1CC[C@@H]2O,1.2008364811048078,SEDRVEWTPRTLOZ
CC#CCC(C)[C@H](O)/C=C/[C@@H]1[C@H]2C/C(=C/CCCC(=O)[O-])C[C@H]2C[C@H]1O,0.9168971255910051,HIFJCPQKFCZDDL
CCC#CC[C@H](C)[C@H](O)C#C[C@@H]1[C@H]2C/C(=C/COCC(=O)[O-])C[C@H]2C[C@H]1O,-0.041100202852671734,ARUGKOZUKWAXDS
CCC#CC[C@H](C)[C@H](O)C#C[C@H]1[C@H]2CC(=CCOCCCC(=O)[O-])C[C@H]2C[C@H]1O,1.86323531131949,MAUUNYHAXGTMMQ
CC(=O)Oc1ccc2c3c1O[C@H]1[C@@H](OC(C)=O)C=C[C@H]4[C@@H](C2)[NH+](C)CC[C@@]341,2.639795510782419,GVGLGOZIDCSQPN
COc1ccc2c3c1O[C@H]1[C@@H](O)C=C[C@H]4[C@@H](C2)[NH+](C)CC[C@@]341,0.8738891527591326,OROGSEYTTFOCAN
C[NH+]1CC[C@]23c4c5ccc([O-])c4O[C@H]2[C@@H](O)C=C[C@H]3[C@H]1C5,1.2404357902947007,BQJCRHHNABKAKU
CCC(C(N)=O)[NH+]1CCCC1=O,-1.0009460547813465,HPHUVLMMVZITSG
CCC[C@@H]1CC(=O)[NH+](C(CC)C(N)=O)C1,-1.1224437343538993,MSYKRHVOOPPJKU
NC(=O)C[NH+]1CC(O)CC1=O,-0.53903811848907,IHLAQQPQKRMGSS
CC[NH+](CC)CC#CCOC(=O)C(O)(c1ccccc1)C1CCCCC1,0.15497871308320801,XIQVNETUBQGFHX
C[NH+](C)C[C@H](c1ccc([O-])cc1)C1(O)CCCCC1,0.1283194665763291,KYYIDSXMWOZKMP
C[NH+](C)[C@@H](c1cccc([O-])c1)[C@H]1CCCC[C@H]1O,-0.4053127143975762,UVTLONZTPXCUPU
C[C@@H](O)C1C(=O)[NH+]2C(C(=O)[O-])=C(S[C@@H]3C[NH2+]C(C(=O)[NH+](C)C)C3)[C@H](C)[C@H]12,-0.02379033900957611,DMJNNHOOLUXYBV
C[C@H](O)C1C(=O)[NH+]2C(C(=O)[O-])=C(S[C@H]3C[NH2+][C@H](CNS(N)(=O)=O)C3)[C@@H](C)C12,-0.143240728833508,AVAACINZEOAHHE
C[NH2+]CC[C@@H](O)[C@@H]1C[C@H](SC2=C(C(=O)[O-])[NH+]3C(=O)C([C@@H](C)O)[C@H]3[C@H]2C)C[NH2+]1,-0.46219585953191533,PZLOCBSBEUDCPF
Cn1nnnc1SCC1=C(C(=O)[O-])[NH+]2C(=O)C(NC(=O)C(O)c3ccccc3)[C@H]2SC1,-0.07713018219679328,OLVCFLKTBJRLHI
O=C([O-])C1=C(CSc2nnnn2CS(=O)(=O)[O-])CS[C@@H]2C(NC(=O)C(O)c3ccccc3)C(=O)[NH+]12,-1.5755251536734274,DYAIAHUQIPBDIP
[NH3+]Cc1ccccc1CC(=O)NC1C(=O)[NH+]2C(C(=O)[O-])=C(CSc3nnnn3CC(=O)[O-])CS[C@H]12,-1.2076309074095766,SLAYUXIURFNXPG
CC(=O)Nc1ccc(C2=N[N-]C(=O)CC2C)cc1,-1.4628539910736231,FVGOLFVMXQCVIE
CC1CC(=O)[N-]N=C1c1ccc(NN=C(C#N)C#N)cc1,-0.041100202852671734,YZLHWEZEYCXULW
CC(C)[C@@H](CC[C@@H](C)[C@H]1CC[C@H]2[C@@H]3[C@H](O)C[C@H]4C[C@@H]([NH2+]CCC[NH2+]CCCC[NH3+])CC[C@]4(C)[C@H]3CC[C@]12C)OS(=O)(=O)[O-],-0.8092369400055486,UIRKNQLZZXALBI
C[C@H](CCC(=O)[O-])[C@H]1CC[C@H]2[C@@H]3[C@H](O)C[C@@H]4C[C@H](O)CC[C@]4(C)[C@H]3CC[C@]12C,0.22909861866380704,RUDATBOHQWOJDD
CC([NH2+]C(CCc1ccccc1)C(=O)[O-])C(=O)[NH+]1CCCC1C(=O)[O-],-0.6175278252297505,LZFZMUMEGBBDTC
[NH3+]CCCCC([NH2+]C(CCc1ccccc1)C(=O)[O-])C(=O)[NH+]1CCCC1C(=O)[O-],-0.8092369400055486,RLAWWYSOJDYHDC
CC1=C(C(=O)[O-])[NH+]2C(=O)C(NC(=O)C([NH3+])C3=CCC=CC3)[C@H]2SC1,-0.1351138928810978,RDLPVSKMFDYCOR
COC1=C(C(=O)[O-])[NH+]2C(=O)C(NC(=O)C([NH3+])C3=CCC=CC3)[C@H]2SC1,0.11179649726719854,RDMOROXKXONCAL
CCCC[C@@H]1CC(=O)[C@]2(O)O[C@@H]3[C@@H]([NH2+]C)[C@@H](O)[C@@H]([NH2+]C)[C@H](O)[C@H]3O[C@@H]2O1,-0.5771280447255474,KHAUBYTYGDOYRU
C[NH2+][C@@H]1[C@H](O)[C@H]([NH2+]C)[C@H]2O[C@@]3(O)C(=O)C[C@@H](C)O[C@H]3O[C@@H]2[C@H]1O,-0.9374320858930979,UNFWWIHTNXNPBV
CCOC(=O)[C@]1(c2ccccc2)CCC=C[C@H]1[NH+](C)C,0.9168971255910051,WDEFBBTXULIOBB
CCOC(=O)[C@]1(c2ccccc2)CCC=C[C@H]1[NH2+]C,0.5969928649276577,PDJZPNKVLDWEKI
CC[C@H]1OC(=O)C(C)[C@@H](O[C@H]2C[C@@](C)(OC)[C@@H](O)[C@H](C)O2)[C@H](C)[C@@H](O[C@@H]2O[C@H](C)C[C@H]([NH+](C)C)[C@H]2O)[C@](C)(O)CC(C)C(=O)C(C)[C@@H](O)[C@]1(C)O,0.21730375696556573,ULGZDMOVFRHVEP
CC[C@H]1OC(=O)C(C)[C@@H](O[C@H]2C[C@@](C)(OC)[C@@H](O)[C@H](C)O2)[C@H](C)[C@@H](O[C@@H]2O[C@H](C)C[C@H]([NH+](C)C)[C@H]2O)[C@](C)(OC)CC(C)C(=O)C(C)[C@@H](O)[C@]1(C)O,0.3939695176046632,AGOYDEPGAOXOCK
COc1cc(C2c3cc4c(cc3C(OC3OC5COC(C)OC5C(O)C3[NH+](C)C)C3COC(=O)C23)OCO4)cc(OC)c1[O-],-1.5413436978143036,ZKSNZYLCOXUJIR
COc1cc([C@@H]2c3cc4c(cc3[C@@H](O[C@@H]3O[C@@H]5CO[C@@H](C)O[C@H]5[C@H](O)[C@H]3O)[C@H]3COC(=O)C23)OCO4)cc(OC)c1[O-],-1.392642555870378,VJJPUSNTGOMMGY
COc1ccc2c3c1OC1C(=O)CC[C@@]4(O)[C@@H](C2)[NH+](C)CC[C@]314,0.2742950738863669,BRUQQQPBMZOVGD
C[NH+]1CC[C@]23c4c5ccc([O-])c4OC2C(=O)CC[C@H]3[C@H]1C5,1.2898207714940448,WVLOADHCBXTIJK
C[C@H]1C(=NC(=O)C(NOC(C)(C)C(=O)[O-])c2csc(N)n2)C(=O)N1S(=O)(=O)[O-],-0.6605357980616228,FLMIOANAVARRAD
NC(=O)OC[C@@H]1C(=NC(=O)C(NOCC(=O)[O-])c2csc(N)n2)C(=O)N1S(=O)(=O)[O-],-0.6605357980616228,IDGIWLYTKRMSEG
C[NH2+]/C(=C\[N+](=O)[O-])[NH2+]CCSCc1csc(C[NH+](C)C)n1,0.5902274028686054,SGXXNSQHWDMGGP
Cc1ncsc1CCCl,1.399311057939658,PCLITLDOTJTVDJ
Nc1nc2[n-]cnc2c(=S)[n-]1,0.8914268040900167,KAQGEVZYVUDGEK
S=c1[n-]cnc2[n-]cnc12,0.8738891527591326,NRKSOJNEWHCOOP
O=P([NH2+]CCCl)([NH2+]CCCl)O[C@@H]1O[C@H](CO)[C@@H](O)[C@H](O)[C@H]1O,-0.6175278252297505,PSVUJBVBCOISSP
O[C@@H]1[C@@H](O)[C@@H](O)OC[C@H]1O,-0.3529055407664333,SRBFZHDQGSBBOR
CCOC(=O)C1(c2ccccc2)CC[NH+](CCC(O)c2ccccc2)CC1,1.1291122364231791,IPOPQVVNCFQFRK
C[C@H]1C[NH+](CC(Cc2ccccc2)C(=O)NCC(=O)[O-])CC[C@@]1(C)c1cccc([O-])c1,0.24526837566073736,UPNUIXSCZBYVBB
C[n+]1cccc(OC(=O)[NH+](C)C)c1,0.5764868688712813,RVOLLAQWKVFTGE
C[n+]1ccccc1C=NO,0.5334788960394089,JBKPUQTUERUYQE
C=C1CC[C@@]2(O)[C@H]3Cc4ccc([O-])c5c4[C@@]2(CC[NH+]3CC2CC2)[C@H]1O5,0.8738891527591326,WJBLNOPPDWQMCH
C=CC[N+]1([C@H]2C[C@H]3[C@@H]4CC[C@H]5C[C@H](O)[C@@H]([NH+]6CCOCC6)C[C@]5(C)[C@H]4CC[C@]3(C)[C@H]2OC(C)=O)CCCC1,-0.058871717070334076,YXRDKMPIGHSVRX
CC(=O)O[C@@]12CO[C@@H]1C[C@H](O)[C@@]1(C)C(=O)C(=O)C3C(C)[C@@H](OC(=O)C(O)C(NC(=O)OC(C)(C)C)c4ccccc4)C[C@@](O)([C@@H](OC(=O)c4ccccc4)[C@H]21)C3(C)C,0.8279128352017681,ROQZUJKOMJECOM
CC(C)(C)S(=O)(=O)CC(Cc1ccccc1)C(=O)NC(Cc1c[n-]cn1)C(=O)N[C@@H](CC1CCCCC1)[C@@H](O)C(O)C1CC1,0.7025962781921732,BYIAQYQNWSVWGH
CC(C)C[C@H](NC(=O)C(NC(=O)c1cccc(-c2ccccc2)n1)[C@@H](C)O)B(O)O,-1.7556445452131355,SJFBTAPEPRWNKH
CC1(C)C(/C=C\C=C\C=C\C=C2/N(CCCCS(=O)(=O)[O-])c3ccc4ccccc4c3C2(C)C)=[N+](CCCCS(=O)(=O)[O-])c2ccc3ccccc3c21,0.3466878278590059,BDBMLMBYCXNVMC
CCC(=O)N(c1ccccc1)C1(COC)CC[NH+](CCc2cccs2)CC1,0.8738891527591326,GGCSSNBKKAUURC
CCC1NC(=O)C(NC(=O)c2ncccc2[O-])[C@@H](C)OC(=O)C(c2ccccc2)NC(=O)C2CC(=O)C(CS[C@@H]3C[NH+]4CCC3CC4)C[NH+]2C(=O)C(Cc2ccc(N(C)C)cc2)[NH+](C)C(=O)C2CCC[NH+]2C1=O,0.9168971255910051,WTHRRGMBUAHGNI
CCCCCc1cc([O-])c2c(c1)OC(C)(C)c1ccc(C)cc1-2,0.9898102952785243,VBGLYOIFKLUMQG
CCCn1c(=O)c2[n-]c(C34CC5CC(CC3C5)C4)nc2n(CCC)c1=O,0.14178239495037767,WIIQWYWFPLZKAD
CCOCCn1c(C2CC[NH+](CCc3ccc(C(C)(C)C(=O)[O-])cc3)CC2)nc2ccccc21,-0.22814921270033092,ACCMWZWAEFYUGZ
CCOc1ccccc1O[C@H](c1ccccc1)[C@H]1C[NH2+]CCO1,-1.0629807948956473,CBQGYUDMJHNJBX
CC[C@H](CC[C@@H](C)[C@H]1CC[C@H]2[C@@H]3CC=C4C[C@@H](O)CC[C@]4(C)[C@H]3CC[C@]12C)C(C)C,-3.5376765849273357,KZJWDPNRJALLNS
CC[NH+]1C[C@H]2C[NH+](C)C[C@@H](C1)C2OC(=O)c1ccc(Cl)cc1,0.9572969060952086,PMCPYLGCPSNSLS
CNC1=[NH+]c2ccc(Cl)cc2C(c2ccccc2)=[N+](O)C1,-1.5932966678910896,BUCORZSTKDOEKQ
COC(=O)c1ccc2c(C(=Nc3ccc(N(C)C(=O)C[NH+]4CC[NH+](C)CC4)cc3)c3ccccc3)c(O)[nH]c2c1,1.0622579483152497,CPMDPSXJELVGJG
COCOCC(CCC1(C(=O)NC2CCC(C(=O)[O-])CC2)CCCC1)C(=O)[O-],-0.37569040258630826,KIJQJNCPBKIGBI
CON=C(C(=O)NC1C(=O)[NH+]2C(C(=O)[O-])=C(C[n+]3ccc(-c4cnco4)cc3)CS[C@H]12)c1csc(N)n1,-0.554013856341502,IWIVCNVLSKNJJS
CO[C@]12CC[C@@]3(C[C@@H]1[C@](C)(O)C(C)(C)C)[C@H]1Cc4ccc([O-])c5c4[C@@]3(CC[NH+]1CC1CC1)[C@H]2O5,1.0314168116758071,RMRJXGBAOAMLHD
COc1cc(CC2c3c(cc(OC)c(OC)c3OC)CC[N+]2(C)CCCOC(=O)CCC(=O)OCCC[N+]2(C)CCc3cc(OC)c(OC)c(OC)c3C2Cc2cc(OC)c(OC)c(OC)c2)cc(OC)c1OC,-0.2688392969725913,GBLRQXKSCRCLBZ
COc1cc2nc(N3CC[NH+](C(=O)C4COc5ccccc5O4)CC3)nc(N)c2cc1OC,-0.6175278252297505,RUZYUOTYCVRMRZ
COc1ccc(Cl)cc1[C@]1(F)C(=O)Nc2cc(C(F)(F)F)ccc21,0.8738891527591326,ULYONBAOIMCNEH
COc1ccccc1Oc1c(NS(=O)(=O)c2ccc(C)cn2)nc(-c2ccncc2)nc1OC,-1.3665061750545335,YBWLTKFZAOSWSM
C[C@@H](O)C1C(=O)[NH+]2C(C(=O)[O-])=C(S[C@H]3CC[S@@+](O)C3)S[C@@H]12,0.15497871308320801,OGOMMWZCHRPDKB
C[C@@H]1C[NH+](C2CCC(C#N)(c3ccc(F)cc3)CC2)CC[C@]1(C(=O)[O-])c1ccccc1,-1.4931497665996498,ZCGOMHNNNFPNMX
C[C@H](C[NH+]1CCOCC1)C(C(=O)[NH+]1CCCC1)(c1ccccc1)c1ccccc1,-0.4083486754073372,INUNXTSAACVKJS
C[C@]12C=CC(=O)C=C1CC[C@@H]1C2C(=O)C[C@@]2(C)[C@H]1CC[C@]2(O)C(=O)CO,-0.320125541341899,XOFYZVNMUHMLCC
C[NH+](C)CCC1=C(Cc2cccnn2)c2ccc(F)cc2C1,-0.3670545285240388,YVEWHDHDFNFTCD
C[NH+](C)[C@@H]1C([O-])=C(C(=O)NC[NH+]2CCCC2)C(=O)[C@@]2(O)C([O-])=C3C(=O)c4c([O-])cccc4[C@@](C)(O)[C@H]3C[C@@H]12,-0.9510324005760625,HMEYVGGHISAPJR
C[NH+]1CCC[C@@H]1Cc1c[nH]c2ccc(CCS(=O)(=O)c3ccccc3)cc12,0.18061234601474932,PWVXXGRKLHYWKM
C[NH2+][C@H]1CN(c2ccc3c(=O)c(C(=O)[O-])cn(-c4nccs4)c3n2)C[C@@H]1OC,-1.0878181649901435,XZAFZXJXZHRNAQ
Cc1cccc(Cl)c1C(=O)NC(Cc1ccc(NC(=O)c2c(Cl)cncc2Cl)cc1)C(=O)[O-],-0.058871717070334076,WCGJWHNYKVSSFL
Cc1cnc(C(=O)NCCc2ccc(S(=O)(=O)[N-]C(=O)[NH2+]C3CCCCC3)cc2)cn1,-1.3171211938551897,HYGPFLCBGJFWEL
Cc1nnc(SCC2=C(C(=O)[O-])[NH+]3C(=O)C(NC(=O)Cn4cc(Cl)c(=O)c(Cl)c4)[C@H]3SC2)s1,-0.9649160754372248,VTLCNEGVSVJLDN
Cn1cc2c3c(cccc31)[C@H]1C[C@@H](CNC(=O)OCc3ccccc3)C[NH+](C)[C@@H]1C2,0.5764868688712813,WZHJKEUHNJHDLS
N/N=c1\[n-]ncc2ccccc12,2.0298139206236874,CCEGPWRZSICLSD
NC(=[NH2+])NC(=O)c1cnn(-c2cccc3ncccc23)c1C1CC1,1.098111656718247,GDXBRVCQGGKXJY
NS(=O)(=O)c1cc(C2(O)NC(=O)c3ccccc32)ccc1Cl,-0.6605357980616228,JIVPVXMEBJLZRO
Nc1ccn([C@@H]2CS[C@H](CO)O2)c(=O)n1,0.11457893257900463,JTEGQNOMFQHVDC
Nc1nc(CC(=O)Nc2ccc(CC[NH2+]C[C@H](O)c3ccccc3)cc2)cs1,0.8085957641512824,PBAPPPCECJKMCM
O=C(/C=C/c1ccc([O-])c2c1C(C(=O)OC(Cc1ccc([O-])c([O-])c1)C(=O)[O-])[C@@H](c1ccc([O-])c([O-])c1)O2)OC(Cc1ccc([O-])c([O-])c1)C(=O)[O-],0.38199531878367715,SNKFFCBZYFGCQN
O=C(O[C@H]1C[NH+]2CCC1CC2)[NH+]1CCc2ccccc2[C@@H]1c1ccccc1,-0.4363132941025087,FBOUYBDGKBSUES
O=C([O-])CCCC[C@@H]1CCSS1,0.6968266119421708,AGBQKNBQESQNJD
O=C1CCC([NH+]2C(=O)c3ccccc3C2=O)C(=O)N1,-0.11522010843327062,UEJJHQNACJXSKW
O=C1c2ccc3ccccc3c2C(=O)[NH+]1CC[NH2+]CCC[NH2+]CC[NH+]1C(=O)c2ccc3ccccc3c2C1=O,0.22909861866380704,CSAUBGZZOLHVPD
OC(CC[NH+]1CCCCC1)(c1ccccc1)C1CC2C=CC1C2,0.7251880108152071,YSXKPIUOCJLQIE
[NH3+]CCCCC([NH2+]C1CCc2ccccc2N(CC(=O)[O-])C1=O)C(=O)[O-],-0.7927819733791687,AXTCRUUITQKBAV
[O-]c1ccc2c(c1)[C@@]13CCCC[C@@]1(O)[C@@H](C2)[NH+](CC1CCC1)CC3,1.5439611704535876,IFKLAQQSCNILHL
CC#CCn1c(N2CCC[C@@H]([NH3+])C2)nc2c1c(=O)n(Cc1nc(C)c3ccccc3n1)c(=O)n2C,-0.5030081391449484,LTXREWYXXSTFRX
CC(C)(C)OC(=O)NC1CCCCC/C=C\[C@@H]2C[C@@]2(C(=O)[N-]S(=O)(=O)C2CC2)NC(=O)C2C[C@@H](OC(=O)[NH+]3Cc4cccc(F)c4C3)C[NH+]2C1=O,0.698562763047604,DEGZUUNHZMOMRT
CC(C)([NH3+])CC(=O)NC1CCc2ccccc2N(Cc2ccc(-c3ccccc3-c3nnn[n-]3)cc2)C1=O,-0.1876128624059098,BCDQJEIWMPKATR
CC(C)C1CCC(C(=O)NC(Cc2ccccc2)C(=O)[O-])CC1,-0.53903811848907,OELFLUMRDSZNSF
CC(c1ncncc1F)[C@](O)(Cn1cncn1)c1ccc(F)cc1F,0.47952173711648977,BCEHBSKCWLPMDN
CCC1=C(C)C[NH+](C(=O)NCCc2ccc(S(=O)(=O)[N-]C(=O)[NH2+][C@H]3CC[C@H](C)CC3)cc2)C1=O,-1.392642555870378,OYBFYGOUEFZYBD
CCCCC[C@H](O)/C=C/[C@@H]1C(CCCCCCC(=O)[O-])C(=O)C[C@H]1O,1.6118932259494057,GMVPRGQOIOIIMI
CCCc1c(O)n2c(N(C)C)[nH+]c3ccc(C)cc3[n+]2c1O,-2.2409370664397428,WCJQZLNBFZHBAY
CCOc1ccccc1OCC[NH2+][C@H](C)Cc1ccc(OC)c(S(N)(=O)=O)c1,-1.2492939912097234,DRHKJLXJIQTDTD
CC[C@]1(C)NC(=O)C(Cc2cccs2)NC(=O)C(Cc2ccccc2)NC(=O)CCCSCC(C(=O)[NH+]2C[C@H](O)CC2C(=O)NC(CCCNC(N)=[NH2+])C(=O)NCC(N)=O)NC(=O)C(CC(N)=O)NC1=O,-1.02353778740438,QWIZXUKSCAJBBY
CCn1cc(C(=O)[O-])c(=O)c2cc(F)c(N3CC[NH2+]CC3)nc21,0.19306863931968532,IDYZIJYBMGIQMJ
COC(=O)C1(OC(=O)c2cncn2[C@H](C)c2ccccc2)CC1,1.6772727213602179,DRAFVCKNYNQOKR
COc1c(N2C[C@@H](C)C[C@H]([NH3+])C2)ccc2c(=O)c(C(=O)[O-])cn(C3CC3)c12,-0.041100202852671734,AVPQPGFLVZTJOR
COc1ccc(-c2nc3cc(C4=N[N-]C(=O)CC4C)ccc3[n-]2)cc1,0.8279128352017681,UFNMHMKSMBUANO
COc1cccc([C@@]2(O)CCCC[C@@H]2C[NH+](C)C)c1,0.31661991771014764,TVYLLZQTGLZFBW
CS(=O)(=O)c1ccc2c(c1)N(CCC[NH+]1CCC(C(N)=O)CC1)c1ccccc1S2,0.7329175855006992,BQDBKDMTIJBJLA
C[C@@](O)(/C=C/[C@H]1CC=CC(=O)O1)[C@@H](C[C@@H](O)/C=C\C=C/C=C/CO)OP(=O)([O-])[O-],-0.8092369400055486,ZMQRJWIYMXZORG
C[NH+](C)CCc1c[nH]c2ccc(CS(=O)(=O)[NH+]3CCCC3)cc12,0.5260330946777357,WKEMJKQOLOHJLZ
C[NH+]1CCCC(n2nc(Cc3ccc(Cl)cc3)c3ccccc3c2=O)CC1,0.5334788960394089,MBUVEWMHONZEQD
C[NH+]1CCc2cccc3c2[C@H]1Cc1ccc([O-])c([O-])c1-3,1.5275062038272076,VMWNQDUVQKEIOC
Cc1cc(-n2cccc2)c(S(C)(=O)=O)cc1C(=O)NC(N)=[NH2+],0.47144415592510847,UADMBZFZZOBWBB
Cc1ccc(S(=O)(=O)[N-]C(=O)[NH2+][C@H]2[C@H]3CC[C@@](C)([C@H]2O)C3(C)C)cc1,-1.6496450592540262,RMTYNAPTNBJHQI
Cc1nc2sccn2c(=O)c1CC[NH+]1CCC(=C(c2ccc(F)cc2)c2ccc(F)cc2)CC1,-1.3794462377375476,JUQLTPCYUFPYKE
Cn1cncc1[C@@]([NH3+])(c1ccc(Cl)cc1)c1ccc2c(c1)c(-c1cccc(Cl)c1)cc(=O)n2C,0.14576880138875664,PLHJCIYEEKOWNM
NC(=[NH2+])c1ccc(CNC(=O)C2CC[NH+]2C(=O)C([NH2+]CC(=O)[O-])C2CCCCC2)cc1,-0.5030081391449484,DKWNMCUOEDMMIN
Nc1ccn([C@@H]2CO[C@H](CO)O2)c(=O)n1,-0.34732900371327197,RXRGZNYSEHTMHC
O=C(NC1CC[NH+](CCCCC2(C(=O)NCC(F)(F)F)c3ccccc3-c3ccccc32)CC1)c1ccccc1-c1ccc(C(F)(F)F)cc1,0.5108871634163751,MBBCVAKAJPKAKM
O=C1CCC(C(=O)[NH+]2CSCC2C(=O)[O-])N1,-0.8318286726285824,UUTKICFRNVKFRG
O=c1[n-]c(O)cn1/N=C/c1ccc(-c2ccc([N+](=O)[O-])cc2)o1,-1.4931497665996498,FWVQFJZTSXRYNO
[NH3+]CCNc1ccc(NCC[NH3+])c2c1C(=O)c1ccncc1C2=O,0.9841866982847314,PEZPMAYDXJQYRV
c1ccc(CN(CC2=[NH+]CCN2)c2ccccc2)cc1,1.0545110717628061,REYFJDPCWQRWAA
C/C=C(/C)C(=O)O[C@H]1[C@H](OC(C)=O)[C@]2(CO)[C@H](O)C[C@]3(C)C(=CC[C@@H]4[C@@]5(C)CC[C@H](O[C@@H]6OC(C(=O)[O-])[C@@H](O[C@@H]7O[C@H](CO)[C@@H](O)[C@H](O)[C@H]7O)[C@H](O)[C@H]6O[C@@H]6O[C@H](CO)[C@@H](O)[C@H](O)[C@H]6O)[C@](C)(CO)[C@@H]5CC[C@]43C)[C@@H]2CC1(C)C,-0.3069292232090687,AXNVHPCVMSNXNP
C=C[C@@H]1C[C@]1(NC(=O)C1C[C@@H](Oc2ncc(OC)c3ccc(Cl)cc23)C[NH+]1C(=O)C(NC(=O)OC(C)(C)C)C(C)(C)C)C(=O)[N-]S(=O)(=O)C1CC1,0.7128574400441852,CLAXZTYTLSTEOX
CC(=O)Nc1nnc(S(N)(=O)=O)s1,-1.2178050331106078,BZKPWHYZMXOIDC
CC(C(=O)[O-])c1ccc(N2Cc3ccccc3C2=O)cc1,-1.2178050331106078,RJMIEHBSYVWVIN
CC(C)(C)c1nc(-c2cccc(NS(=O)(=O)c3c(F)cccc3F)c2F)c(-c2ccnc(N)n2)s1,-0.23047519163780628,BFSMGDJOXZAERB
CC(C)C1NC(=O)C(CCCC[NH3+])NC(=O)C(Cc2c[nH]c3ccccc23)NC(=O)C(Cc2ccc([O-])cc2)NC(=O)C(NC(=O)C([NH3+])Cc2ccc3ccccc3c2)CSSCC(C(=O)NC(C(N)=O)[C@@H](C)O)NC1=O,0.22909861866380704,PUDHBTGHUJUUFI
CC1(C)O[C@@H]2C[C@H]3[C@@H]4C[C@H](F)C5=CC(=O)C=C[C@@]5(C)[C@H]4[C@@H](O)C[C@]3(C)[C@]2(C(=O)CO)O1,0.5695088753835305,XSFJVAJPIHIPKU
CC1(C)[C@@H](O[C@H]2OC(C(=O)[O-])[C@@H](O)[C@H](O)[C@H]2O[C@@H]2OC(C(=O)[O-])[C@@H](O)[C@H](O)[C@H]2O)CC[C@]2(C)C3C(=O)C=C4C5C[C@@](C)(C(=O)[O-])CC[C@]5(C)CC[C@]4(C)[C@@]3(C)CC[C@@H]12,-2.2903220476390866,LPLVUJXQOOQHMX
CCC(C)(C)[NH2+]CC(O)COc1ccccc1C(=O)CCc1ccccc1,0.6672043001309028,VDKMYSMWQCFYBQ
CCC1=C[C@@H]2C[NH+](C1)Cc1c([nH]c3ccccc13)[C@@](C(=O)OC)(c1cc3c(cc1OC)[NH+](C)[C@H]1[C@@](O)(C(=O)OC)[C@H](OC(C)=O)[C@]4(CC)C=CC[NH+]5CC[C@]31[C@@H]54)C2,1.065598267534931,GBABOYUKABKIAF
CCCC([NH2+]C(C)C(=O)[NH+]1C(C(=O)[O-])C[C@@H]2CCCC[C@@H]21)C(=O)[O-],-0.5771280447255474,ODAIHABQVKJNIY
CCCCC[C@@H](O)CC[C@H]1[C@@H]2Cc3cccc(OCC(=O)[O-])c3C[C@@H]2C[C@@H]1O,0.6487775328722097,PAJMKGZZBBTTOY
CCCc1c(OCCCS(=O)(=O)c2ccc(C(=O)CCC(=O)[O-])cc2)ccc(C(C)=O)c1[O-],0.9743252778529395,ZAKKEARLDPTRLX
CCOc1cc([C@@H](CS(C)(=O)=O)[NH+]2C(=O)c3cccc(CC(C)=O)c3C2=O)ccc1OC,-0.3529055407664333,MUKPBEDSDFRMNQ
CC[N+]1(CC)CCC(=C(c2ccccc2)c2ccccc2)[C@@H]1C,0.75239147318658,ZYEPZINLLPPBMI
CCc1c2c(nc3ccc(OC(=O)CCC(=O)Oc4c(C)c(C)c5c(c4C)CC[C@@](C)(CCC[C@H](C)CCC[C@H](C)CCCC(C)C)O5)cc13)-c1cc3c(c(=O)n1C2)COC(=O)[C@]3(O)CC,-1.0711574899845917,KRHZRBUSQSYTTP
CN1C(=O)[N-]C(=O)C(C)(C2=CCCCC2)C1=O,-0.11522010843327062,UYXAWHWODHRRMR
COC(=O)Nc1nc2cc(C(=O)c3ccccc3)ccc2[n-]1,0.8738891527591326,CVHJIACXRVJKCH
CON=C(C(=O)NC1C(=O)[NH+]2C(C(=O)[O-])=C(COC(N)=O)CS[C@H]12)c1ccco1,-0.4053127143975762,JFPVXVDWJQMJEE
CON=C(C(=O)NC1C(=O)[NH+]2C(C(=O)[O-])=C(C[n+]3ccc(N)n3CCO)CS[C@H]12)c1csc(N)n1,-0.5502382525360241,BHXLLRXDAYEMPP
COc1cc(N)cn[n+]1-c1ccccc1,0.15497871308320801,VXROHTDSRBRJLN
COc1cc2c(cc1OC)CN(c1cc(N)c3cc(OC)c(OC)cc3n1)CC2,0.8279128352017681,ANZIISNSHPKVRV
COc1ccc(CC[NH2+]CC(O)COc2cccc(C)c2)cc1OC,0.20529636383862612,HXLAFSUPPDYFEO
COc1ccc2c3c1O[C@H]1[C@@H](O)CC[C@H]4[C@@H](C2)[NH+](C)CC[C@@]341,0.027179404622822156,RBOXVHNMENFORY
COc1ccccc1OC[C@H](O)C[NH+]1CC[NH+](CC(=O)Nc2c(C)cccc2C)CC1,0.5695088753835305,XKLMZUWKNUAPSZ
C[C@@H](O)C1C(=O)[NH+]2C(C(=O)[O-])=C(SC3Cn4cnc[n+]4C3)[C@H](C)[C@H]12,-0.320125541341899,MRMBZHPJVKCOMA
C[C@@H](O[C@H]1OCC[NH+](Cc2nc(=O)n(P(=O)([O-])[O-])[n-]2)[C@H]1c1ccc(F)cc1)c1cc(C(F)(F)F)cc(C(F)(F)F)c1,1.0172377174197877,OUNJBEMOLRDPGP
C[C@H](/C=C/[C@H](C)C(C)(C)O)[C@H]1CC[C@H]2/C(=C/C=C3C[C@@H](O)C[C@H](O)C3)CCC[C@]12C,-1.0083918561430198,BPKAHTKRCLCHEA
C[NH+](C)C1CC[NH+](C(=O)c2ccc(NC(=O)Nc3ccc(-c4nc(N5CCOCC5)nc(N5CCOCC5)n4)cc3)cc2)CC1,-0.39033697654514415,DWZAEMINVBZMHQ
C[NH+](C)Cc1c(C(=O)NCCOc2ccc(C(O)=NO)cc2)oc2ccccc12,0.9305016472827164,MAUCONCHVWBMHK
C[NH+]1[C@@H]2C[C@@H](OC(=O)C(CO)c3ccccc3)C[C@H]1[C@@H]1O[C@@H]12,0.9168971255910051,STECJAGHUSJQJN
Cc1c[nH]c2c([O-])cc3c(c12)[C@H](CCl)CN3C(=O)c1cc2cc(NC(=O)Nc3ccc4[nH]c(C(=O)N5C[C@@H](CCl)c6c5cc([O-])c5[nH]cc(C)c65)cc4c3)ccc2[nH]1,-1.392642555870378,FONKWHRXTPJODV
Cc1ccc(-n2ccnc2)cc1C(O)c1c(C)cc(C(=O)[O-])cc1C,-0.21892564276730725,QSAHHFJAWATNBG
Cc1ccccc1[NH+]1C(=O)c2cc(S(N)(=O)=O)c(Cl)cc2[NH2+]C1C,-0.7065121156189874,AQCHWTWZEMGIFD
Cc1nc2n(c(=O)c1CC[NH+]1CCC(c3noc4cc(F)ccc34)CC1)CCCC2O,-0.8204370740525029,PMXMIIMHBWHSKN
Cn1c(=O)c2c(ncn2CC2OCCO2)n(C)c1=O,0.34962132763225445,HWXIGFIVGWUZAO
NC(=O)C1CC[C@@H]2C[NH+]1C(=O)N2OS(=O)(=O)[O-],-0.2541927230137553,NDCUAPJVLWFHHB
NS(=O)(=O)c1cc(C(=O)[O-])cc(N2CCCC2)c1Oc1ccccc1,-0.17677697668124434,UJEWTUDSLQGTOA
O=C(C=Cc1c(C(=O)[O-])[n-]c2cc(Cl)cc(Cl)c12)Nc1ccccc1,-2.5428168069637755,CHFREERJSGVGBH
O=C(O[C@H]1C[C@H]2CC3C[C@@H](C1)[NH+]2CC3=O)c1c[nH]c2ccccc12,2.529811783152441,UKTAZPQNNNJVKR
O=C([O-])c1cc(N=Nc2ccc([O-])c(C(=O)[O-])c2)ccc1[O-],-0.8092369400055486,QQBDLJCYGRGAKP
O=C1O[C@H]([C@@H](O)CO)C([O-])C1=O,-0.8982212303947854,IHNDCQWMVHAOKM
O=c1[n-]c(O)cn1/N=C/c1ccc([N+](=O)[O-])o1,0.5833925502446929,SRBLIRXITMQCOS
OC(c1ccccc1)(c1ccccc1)C12CC[N+](CCOCc3ccccc3)(CC1)CC2,1.4563685804428528,FVTWTVQXNAJTQP
O[C@@H](C[NH2+]C[C@H](O)[C@H]1CCc2cc(F)ccc2O1)[C@@H]1CCc2cc(F)ccc2O1,0.8279128352017681,KOHIRBRYDXPAMZ
[NH3+]C(Cc1ccccn1)c1ccccc1,-0.53903811848907,FWUQWDCOOWEXRY
[NH3+][C@@H]1[C@H]2CN(c3nc4c(cc3F)c(=O)c(C(=O)[O-])cn4-c3ccc(F)cc3F)C[C@@H]12,-0.7065121156189874,WVPSKSLAZQPAKQ
COc1nc(C(Cl)(Cl)Cl)c(Cl)c(OC)c1Cl,1.3335720709942174,DZVPGIORVGSQMC
C[C@@H](N/C(NC#N)=[NH+]\c1ccncc1)C(C)(C)C,0.2267562883469976,IVVNZDGDKPTYHK
Cc1ncc(CO)c(CO)c1[O-],0.4466067858306122,LXNHXLLTXMVWPM
N[N-]C(=O)c1ccncc1,0.4030362192219426,OSGOEONOZAIVFX
Nc1cccnc1C=N[NH2+]C([NH3+])=S,-0.2812955902775274,XMYKNCNAZKMVQN
Nc1ccncc1,0.5553297811275111,NUKYPUAOHBNCPY
O=C(NCCO[N+](=O)[O-])c1cccnc1,0.5260330946777357,LBHIOVVIQHSOQN
O=P([O-])([O-])C(O)(Cc1cccnc1)P(=O)([O-])[O-],-0.6605357980616228,IIDJRNMFWXDHID
CCS(=O)(=O)CCn1c([N+](=O)[O-])cnc1C,-1.271144876297825,HJLSLZFTEKNLFI
CCn1cnc(C(=O)NC)c1C(=O)NC,0.7307182690191512,RYRFAMRQBZNEPX
Cc1ncc([N+](=O)[O-])n1C[C@H](O)CCl,-0.8794483752087937,IPWKIXLWTCNBKN
Cn1c(COP(=O)([NH2+]CCBr)[NH2+]CCBr)cnc1[N+](=O)[O-],0.8649441555142193,UGJWRPJDTDGERK
O=C(Cn1ccnc1[N+](=O)[O-])NCC(O)C(F)(F)F,-0.19862786176934624,BTLNRJMECFTISR
O=P([O-])([O-])C(O)(Cn1ccnc1)P(=O)([O-])[O-],-0.4053127143975762,XRASPMIURGNCCH
C#C[C@]1(O)CC[C@H]2[C@@H]3CCc4cc(OS(=O)(=O)[O-])ccc4[C@H]3CC[C@@]21C,0.10054910303164714,WLGIWVFFGMPRLM
C#C[C@]1(OS(=O)(=O)[O-])CC[C@H]2[C@@H]3CCc4cc([O-])ccc4[C@H]3CC[C@@]21C,-0.7558970968183314,JHKCCDZKVDAGJH
C[C@]12CC[C@@H]3c4ccc(OC(=O)[NH+](CCCl)CCCl)cc4CC[C@H]3[C@@H]1CC[C@@H]2OP(=O)([O-])[O-],-0.9719679114968319,ADFOJJHRTBFFOF
C[C@]12CC[C@@H]3c4ccc([O-])cc4CC[C@H]3[C@@H]1CC[C@@H]2O,1.3357970890514093,VOXZDWNPVJITMN
C[C@]12CC[C@@H]3c4ccc([O-])cc4C[C@H](CCCCCCCCC[S+](O)CCCC(F)(F)C(F)(F)F)C3[C@@H]1CC[C@@H]2O,0.7139878767682534,SHDRLYFPFHJQCU
C=CC[NH+]1CCC[C@H]1CNC(=O)c1cc(S(=O)(=O)NC)c(N)cc1OC,0.20165154733741403,QRQMZZNDJGHPHZ
CC[NH+]1CCC[C@@H]1CNC(=O)c1cc(S(N)(=O)=O)ccc1OC,-0.5030081391449484,BGRJTUBHPOOWDU
CC[NH+]1CCC[C@H]1CNC(=O)c1c(OC)ccc(Br)c1OC,-0.5771280447255474,GUJRSXAPGDDABA
CC[NH+]1CCC[C@H]1CNC(=O)c1c([O-])c(Cl)cc(Cl)c1OC,-0.8092369400055486,WAOQONBSWFLFPE
CC[C@@]1(O)C(=O)OCc2c1cc1n(c2=O)Cc2c-1nc1ccc([O-])cc1c2[Si](C)(C)C(C)(C)C,0.26328007452293045,XUSKJHCMMWAAHV
CC[C@@]1(O)C(=O)OCc2c1cc1n(c2=O)Cc2c-1nc1ccccc1c2CC[Si](C)(C)C,0.025594642189767817,POADTFBBIXOWFJ
CC[C@@]1(O)C(=O)OCc2c1cc1n(c2=O)Cc2cc3c(N)cccc3nc2-1,0.31661991771014764,FUXVKZWTXQUGMW
CC[C@@]1(O)C(=O)OCc2c1cc1n(c2=O)Cc2cc3cc([O-])ccc3nc2-1,-0.3962869472247975,HAWSQZCWOQZXHI
COc1c(N2CC[NH2+]C(C)C2)c(F)cc2c(=O)c(C(=O)[O-])cn(C3CC3)c12,-0.2446041793267108,XUBOMFCQGDBHNK
C[C@@H]1CN(c2c(F)c(N)c3c(=O)c(C(=O)[O-])cn(C4CC4)c3c2F)C[C@H](C)[NH2+]1,-0.2688392969725913,DZZWHBIBMUVIIW
C[C@H]1CN(c2c(F)cc3c(=O)c(C(=O)[O-])cn(C4CC4)c3c2OC(F)F)CC[NH2+]1,-0.2688392969725913,QBDBUKJBJJWZMG
Cc1c(F)c(N2CC[NH2+][C@H](C)C2)cc2c1c(=O)c(C(=O)[O-])cn2C1CC1,0.25207994047597626,AIJTTZAVMXIJGM
CC(=O)CCCCn1c(=O)c2c(ncn2C)n(C)c1=O,1.5106346118111793,BYPFEZZEUUWMEJ
CC(O)Cn1cnc2c1c(=O)n(C)c(=O)n2C,-0.8261085320215765,KYHQZNGJUGFTGR
Cn1c(=O)c2c(ncn2CC(O)CO)n(C)c1=O,0.11457893257900463,KSCFJBIXMNOVSH
CC1=C2CC(=O)C=C[C@]2(C)[C@@H]2[C@@H](C1)[C@@H]1CC[C@](O)(C(=O)CO)[C@@]1(C)C[C@@H]2O,0.2742950738863669,ZABDAGALHQDSEU
CCC(=O)OCC(=O)[C@@]1(OC(=O)CC)[C@@H](C)C[C@H]2[C@@H]3CC=C4CC(=O)C=C[C@]4(C)[C@@]3(Cl)[C@@H](O)C[C@@]21C,1.4572947686239623,IBIIDGIPJPTFBZ
C[C@@H]1C[C@H]2[C@@H]3CC=C4CC(=O)C=C[C@]4(C)[C@@]3(F)[C@@H](O)C[C@]2(C)[C@@]1(O)C(=O)CO,-0.1351138928810978,GJFCONYVAUNLKB
CCC[NH+](CCC)CCc1cccc2[nH]c(O)cc12,1.3357970890514093,FBYFJOVKHROJSY
Cc1cc2c(OCC(O)C[NH2+]C(C)C)cccc2[nH]1,0.24412631490299777,NXWGWUVGUSFQJC
[NH3+]C(Cc1c[nH]c2ccc([O-])cc12)C(=O)[O-],-0.5693338940150967,LDCYZAJDBXYCGN
CC[NH2+][C@@H]1C[C@H]([NH3+])[C@@H](O[C@H]2OC(C[NH3+])=CC[C@H]2[NH3+])[C@H](O)[C@H]1O[C@H]1OC[C@](C)(O)[C@H]([NH2+]C)[C@H]1O,-1.3291285869821294,CIDUJQMULVCIBT
C[NH2+][C@@H]1[C@@H](O)[C@@H](O[C@@H]2[C@@H](O)[C@H](O[C@H]3OC(C[NH2+]CCO)=CC[C@H]3[NH3+])[C@@H]([NH3+])C[C@H]2NC(=O)C(O)CC[NH3+])OC[C@]1(C)O,-0.8434183958646722,IYDYFVUFSPQPPV
C[NH2+][C@@H]1[C@@H](O)[C@@H](O[C@@H]2[C@@H](O)[C@H](O[C@H]3OC(C[NH3+])=CC[C@H]3[NH3+])[C@@H]([NH3+])C[C@H]2[NH3+])OC[C@]1(C)O,-0.9307346195781013,URWAJWIAIPFPJE
C[N+](C)(O)CCCN1c2ccccc2CCc2ccccc21,0.7251880108152071,ZWWMORYUMARKSF
C[NH+](C)CCCN1c2ccccc2CCc2cc([O-])ccc21,0.5481254699982451,ROTCPJFWLNDKHU
NC(=O)N1c2ccccc2CC(O)c2ccccc21,-1.0159217926337785,BMPDWHIDQYTSHX
C#CCC(Cc1cnc2nc(N)nc(N)c2n1)c1ccc(C(=O)NC(CCC(=O)[O-])C(=O)[O-])cc1,0.04897922712409875,OGSBUKJUDHAQEA
C=C(CC(NC(=O)c1ccc(CCc2cnc3nc(N)nc(N)c3n2)cc1)C(=O)[O-])C(=O)[O-],-0.18109021043846224,QCLDSHDOWCMFBV
C=C1/C(=C\C=C2/CCC[C@]3(C)[C@@H]([C@H](C)CCCC(C)(C)O)CC[C@@H]23)C[C@@H](O)C[C@@H]1O,-1.711201927502,GMRQFYUYWCNGIN
C=C1/C(=C\C=C2/CCC[C@]3(C)[C@@H]([C@H](C)CCCC(C)C)CC[C@@H]23)C[C@@H](O)C[C@@H]1O,-1.0629807948956473,OFHCOWSQAMBJIW
CC(=O)OCC1=C(C(=O)[O-])[NH+]2C(=O)C(NC(=O)Cc3cccs3)[C@H]2SC1,-0.53903811848907,XIURVHNZVLADCM
CO[C@@]1(NC(=O)Cc2cccs2)C(=O)[NH+]2C(C(=O)[O-])=C(COC(N)=O)CS[C@@H]21,-0.07713018219679328,WZOZEZRFJCJXNZ
CC(C)[N+]1(C)[C@@H]2CC[C@H]1CC(OC(=O)C(CO)c1ccccc1)C2,1.3661915820487722,OEXHQOGQTVQTAT
C[NH+]1[C@@H]2CC[C@H]1C[C@@H](OC(=O)C(CO)c1ccccc1)C2,0.420807733439605,RKUNBYITZUJHSG
CC1(C)CC1C(=O)N=C(CCCCCSCC([NH3+])C(=O)[O-])C(=O)[O-],-0.37569040258630826,UUNQYGUCVSFAME
[NH3+]C1(C(=O)[O-])CC1,-0.6605357980616228,PAJPWUMXBYXFCZ
CC1=C(C(=O)[O-])[NH+]2C(=O)C(NC(=O)C([NH3+])c3ccccc3)[C@H]2SC1,-0.02379033900957611,ZAIPMKNFIOOWCQ
CC=CC1=C(C(=O)[O-])[NH+]2C(=O)C(NC(=O)C([NH3+])c3ccc([O-])cc3)[C@H]2SC1,-0.22121959439237987,WDLWHQDACQUCJR
CCCC[NH+]1CCCCC1C(=O)Nc1c(C)cccc1C,0.31661991771014764,LEBVLXFERQHONN
Cc1cccc(C)c1NC(=O)C1CCCC[NH+]1C,0.3466878278590059,INWLQCZOYSRPNW
CC[C@@]1(O)C[C@H](O[C@@H]2C[C@H]([NH+]3CCOCC3)[C@H](O)[C@H](C)O2)c2c([O-])c3c(c([O-])c2[C@H]1O)C(=O)c1cccc([O-])c1C3=O,1.5725934054567632,OPBPMGYBSDKJBT
COc1cccc2c1C(=O)c1c([O-])c3c(c([O-])c1C2=O)C[C@@](O)(C(=O)CO)C[C@@H]3O[C@H]1C[C@H]([NH+]2CCO[C@H](OC)C2)[C@H](O)[C@H](C)O1,0.8879560030719807,CTMCWCONSULRHO
CC[NH+](CC)CC[NH+]1C(=O)c2c(c3c4cccc(Cl)c4n([C@@H]4O[C@H](CO)[C@@H](OC)[C@H](O)[C@H]4O)c3c3[nH]c4c(Cl)cccc4c23)C1=O,-0.17035902380888843,JSKFWUPVIZYJMR
O=C1c2c(c3c4ccc([O-])cc4n([C@@H]4O[C@H](CO)[C@@H](O)[C@H](O)[C@H]4O)c3c3[nH]c4cc([O-])ccc4c23)C(=O)[NH+]1[NH2+]C(CO)CO,1.222248517122696,SPVBQGWOYDIHMI
COc1cc2c(N)nc(N3CC[NH+](C(=O)OCC(C)(C)O)CC3)nc2c(OC)c1OC,-0.9579380819494743,YNZXWQJZEDLQEG
COc1cc2nc(N3CC[NH+](C(=O)C(C)OC)CC3)nc(N)c2cc1OC,-1.3538126048060062,YEOTYALSMRNXLJ
COc1cccc2c1C(=O)c1c([O-])c3c(c([O-])c1C2=O)C[C@@](O)(C(=O)CO)C[C@@H]3O[C@@H]1C[C@H]([NH3+])[C@H](O[C@@H]2CCCCO2)[C@H](C)O1,1.771657490910086,KMSKQZKKOZQFFG
C[C@@H]1O[C@@H](O[C@@H]2[C@H](C)O[C@@H](O[C@H]3C[C@](O)(C(=O)CO)Cc4c([O-])c5c(c([O-])c43)C(=O)c3ccccc3C5=O)C[C@@H]2O)C[C@H]([NH3+])[C@@H]1O,-0.320125541341899,VQHRZZISQVWPLK
C[C@H]1O[C@@H](n2cc(F)c(=O)[n-]c2=O)[C@H](O)[C@@H]1O,0.6672043001309028,ZWAOHEXOSAUJHY
O=c1[n-]c(=O)n(C2CCCO2)cc1F,-0.9649160754372248,WFWLQNSHRPWKFK
Cc1cc([O-])c2c(=O)c3c([O-])cc([O-])c4c5c([O-])cc([O-])c6c(=O)c7c([O-])cc(C)c8c1c2c(c34)c(c78)c65,-2.2903220476390866,BTXNYTINYBABQR
Cc1cc([O-])c2c(=O)c3c([O-])cc([O-])c4c5c([O-])cc([O-])c6c(=O)c7c([O-])cc(CO)c8c1c2c(c34)c(c65)c78,-1.2492939912097234,YXBUQQDFTYOHQI
Nc1ncn([C@@H]2O[C@H](CO)[C@@H](O)[C@H]2O)c(=O)n1,1.4385219134379705,NMUSYJAQQFHJEW
Nc1ncn([C@H]2C[C@H](O)[C@@H](CO)O2)c(=O)n1,2.31295280482318,XAUDJQYHKZQPEU
O=[N+]([O-])O[C@@H]1CO[C@H]2[C@@H]1OC[C@@H]2O,-0.4688266832858248,YWXYYJSYQOXTPL
O=[N+]([O-])O[C@H]1CO[C@H]2[C@@H]1OC[C@H]2O[N+](=O)[O-],1.357647974139511,MOYKHGMNXAOIAT
CN/C(NC#N)=[NH+]\CCSCc1nc[n-]c1C,0.46326746083616377,GKPMQZGLRFUHAN
C[NH+](C)N=Nc1nc[n-]c1C(N)=O,-0.2939891605260547,NSMKJXYHSAZSJE
C#CCN(Cc1cc2c(=O)nc(C)[n-]c2cc1C)c1ccc(C(=O)NC(CCc2nnn[n-]2)C(=O)[O-])c(F)c1,-1.7556445452131355,YSAOIOBNLKRLOE
C=CC1=C(C(=O)[O-])[NH+]2C(=O)C(=NC(=O)C(NOCC(=O)[O-])c3csc(N)n3)[C@H]2SC1,-0.9307346195781013,FACRSCOHUPSUMI
C=CC[N@@+]12CC[C@@]34c5ccccc5[NH+]5C=C6[C@H]7C[C@H]8[C@@]9(CC[N@@+]8(CC=C)C/C7=C/CO)c7ccccc7[NH+](C=C([C@@H](C[C@@H]31)/C(=C\CO)C2)[C@H]54)[C@@H]69,-0.7558970968183314,MUQUYTSLDVKIOF
CC(=O)[NH+](CC[C@@](CC[NH+]1CCCCC1)(C(N)=O)c1ccccc1Cl)C(C)C,0.19676057280186465,GTEPPJFJSNSNIH
CC(C)(C)[NH2+]CC(O)COc1ccc(NC(=O)NC2CCCCC2)cc1,0.1283194665763291,MXFWWQICDIZSOA
CC(CCc1ccc2c(c1)OCO2)[NH2+]CC(O)c1ccc([O-])c(C(N)=O)c1,0.9168971255910051,MPQWSYJGFLADEW
CC1(C)CC[C@]2(C(=O)[O-])CC[C@]3(COC(=O)C=Cc4cc([O-])ccc4NC(=O)/C=C/C(=O)[O-])C(=CC[C@@H]4[C@@]5(C)CCC(=O)C(C)(C)[C@@H]5CC[C@]43C)[C@@H]2C1,0.420807733439605,NZCHLXQRTYIWRL
CCC(=O)N(c1ccccc1)C1(COC)CC[NH+](CCn2nnn(CC)c2=O)CC1,-0.02379033900957611,IDBPHNDTYPBSNI
CCCC=c1ncc(=CC(Cc2cccs2)C(=O)[O-])n1Cc1ccc(C(=O)[O-])cc1,-0.5030081391449484,OLWGWPVIWQZCDJ
CCC[C@@H]1CC(C(=O)N[C@@H]([C@H]2O[C@H](SC)[C@H](O)[C@@H](O)[C@H]2O)[C@H](C)Cl)[NH+](C)C1,0.07157095974713254,KDLRVYVGXIQJDK
CCNC(=O)C1C[C@@H](n2ccc3c([NH2+][C@H](CC)Cc4sccc4Cl)ncnc32)[C@H](O)[C@@H]1O,0.7251880108152071,CKQOOYMMAAPDKH
CCON=C(C(=O)NC1C(=O)[NH+]2C(C(=O)[O-])=C(Sc3nc(-c4cc[n+](C)cc4)cs3)CS[C@H]12)c1nsc(NP(=O)([O-])[O-])n1,2.018746653148609,ZCCUWMICIWSJIX
CCOc1nc2cccc(C(=O)[O-])c2n1Cc1ccc(-c2ccccc2-c2nnn[n-]2)cc1,-1.5932966678910896,BSLSLQSFLOCXQQ
CC[C@H](O)[C@@H](C)[C@H]1O[C@@H]1C[C@@](C)(O)/C=C/C=C(\C)[C@H]1OC(=O)C[C@H](O)CC[C@@](C)(O)[C@@H](OC(=O)[NH+]2CC[NH+](C3CCCCCC3)CC2)C=C[C@@H]1C,1.647614117955409,MNOMBFWMICHMKG
CCc1[n-]c(=O)[n-]c1C(=O)c1ccncc1,0.535696509696698,UVKYYCZQZRDRJD
CNS(=O)(=O)CCc1ccc2[nH]cc(C3CC[NH+](C)CC3)c2c1,0.3267940434111789,AMKVXSZCKVJAGH
COC(C(=O)[NH+]1Cc2[n-]nc(NC(=O)c3ccc(N4CC[NH+](C)CC4)cc3)c2C1)c1ccccc1,0.2742950738863669,XKFTZKGMDDZMJI
COCc1c(-c2ccc(F)cc2)c(=CC[C@@H](O)C[C@@H](O)CC(=O)[O-])c(C(C)C)nc1=C(C)C,-0.22121959439237987,CDHNVTRRQNLWKA
CON=C(C(=O)NC1C(=O)[NH+]2C(C(=O)[O-])=C(C[n+]3cccc4c3CCC4)CS[C@H]12)c1csc(N)n1,-0.5030081391449484,DKOQGJHPHLTOJR
COc1c(N2CCC/C(=C(\F)C[NH3+])C2)c(F)cc2c(=O)c(C(=O)[O-])cn(C3CC3)c12,-1.096307353538055,VMKVDAAFMQKZJS
COc1cc(OC)c(C(=O)CCC[NH+]2CCCC2)c(OC)c1,0.21730375696556573,OWYLAEYXIQKAOL
COc1ccc(C(=O)Nc2ccccc2CCC2CCCC[NH+]2C)cc1,0.7785278540024242,PJWPNDMDCLXCOM
COc1ccc2c3c1O[C@H]1C[C@@H](O)C=C[C@@]31CC[NH+](C)C2,0.21730375696556573,ASUTZQLVASHGKV
CS(=O)(=O)c1cc(F)cc2c3c(n(Cc4ccc(Cl)cc4)c12)[C@@H](CC(=O)[O-])CC3,-0.8037066818016044,NXFFJDQHYLNEJK
C[C@@H](Oc1cc(-n2cnc3ccc(C[NH+]4CC[NH+](C)CC4)cc32)sc1C(N)=O)c1ccccc1C(F)(F)F,1.065598267534931,ZHJGWYRLJUCMRT
C[C@@H]1O[C@@H]1P(=O)([O-])[O-],-0.4688266832858248,YMDXZJFXQJVXBF
C[C@H]1COc2c(C3([NH3+])CC3)c(F)cc3c(=O)c(C(=O)[O-])cn1c23,0.12422697292150911,XAGMUUZPGZWTRP
C[C@]12CCC(=O)C=C1CC[C@@H]1[C@@H]2[C@@H](O)C[C@@]2(C)[C@H]1CC[C@]2(O)C(=O)CO,0.22909861866380704,JYGXADMDTFJGBT
C[NH+](C)CCCO[C@@H]1[C@H]2OC(C)(C)O[C@H]2O[C@@H]1[C@H](O)CO,-0.0997219148198269,YXBQLONCIPUQKO
C[NH+](C)[C@@H]1C([O-])=C(C(N)=O)C(=O)[C@@]2(O)C([O-])=C3C(=O)c4c([O-])c(NC(=O)C[NH+]5CCCC5)cc(F)c4C[C@H]3C[C@@H]12,-0.05707308631841331,HLFSMUUOKPBTSM
C[NH+]1CCN(c2ncc(-c3cc(Cl)cc(Cl)c3Cl)c(N)n2)CC1,1.0949307805640558,PDOCBJADCWMDGL
Cc1cc(=O)n(-c2ccccc2)[nH]1,-0.6970595842375558,KZQYIMCESJLPQH
Cc1cccc(Nc2ccncc2S(=O)(=O)[N-]C(=O)[NH2+]C(C)C)c1,-1.3538126048060062,XNPQAJPIVCYYJY
Cc1cnc(NCCC[NH+](C)C)c2c1[nH]c1ccc3cc([O-])ccc3c12,0.9953868323316856,QROONAIPJKQFMC
Cc1nnc2n1-c1sc(Br)cc1C(c1ccccc1Cl)=NC2,-0.4688266832858248,UMSGKTJDUHERQW
Cn1nnc(-c2ccc(-c3ccc(N4C[C@H](CO)OC4=O)cc3F)cn2)n1,-0.81481347705871,XFALPSLJIHVRKE
NC(=O)[NH+]1C(=O)C(C(=O)c2cccs2)c2cc(Cl)ccc21,-2.8281615597416145,IGPDWKCUDHIIRL
NC(=[NH2+])NCCCC(NC(=O)C1CCC[NH+]1C(=O)C1CSSCCC(=O)NC(Cc2ccc([O-])cc2)C(=O)NC(Cc2ccccc2)C(=O)NC(CCC(N)=O)C(=O)NC(CC(N)=O)C(=O)N1)C(=O)NCC(N)=O,-0.7065121156189874,NFLWUMRGJYTJIN
NS(=O)(=O)c1cc2c(cc1C(F)(F)F)NCNS2(=O)=O,0.5833925502446929,DMDGGSIALPNSEE
Nc1n[n+]([O-])c2ccccc2[n+]1[O-],0.5260330946777357,ORYDPOVDJJZGHQ
Nc1nc(N/N=C/C2CCCCC2)nc2c1ncn2[C@@H]1O[C@H](CO)[C@@H](O)[C@H]1O,1.4535822671611323,XJFMHMFFBSOEPR
O=C(CCC[NH+]1CC=C(n2c(=O)[n-]c3ccccc32)CC1)c1ccc(F)cc1,0.5275289253597559,RMEDXOLNCUSCGS
O=C([O-])C(CCc1ccccc1)[NH2+]C1CCC[NH+]2CCCC(C(=O)[O-])[NH+]2C1=O,-0.4363132941025087,JRDQYBJAZGPEEF
O=C([O-])CCCC[NH+](CCc1ccccc1OCc1ccc(CCc2ccccc2)cc1)Cc1ccc(C(=O)[O-])cc1,0.5334788960394089,WPYWMXNXEZFMAK
O=C1C[C@@H](c2ccccc2)Oc2cc([O-])cc([O-])c21,1.2655856538481645,URFCJEUYXNAHFI
O=NNc1cnccn1,0.8796396695302902,AUWFXUHWMBMPTI
OCc1ncc2n1-c1ccc(Cl)cc1C(c1ccccc1F)=NC2,0.5840791987227931,QHSMEGADRFZVNE
[NH3+]C[C@H]1OB(O)c2c(OCCCO)cccc21,0.009536219632831619,FXQIIDINBDJDKL
[O-]c1cccc(-c2c3nc(c(-c4cccc([O-])c4)c4ccc([nH]4)c(-c4cccc([O-])c4)c4ccc([nH]4)c(-c4cccc([O-])c4)c4nc2CC4)C=C3)c1,-2.8055698271185805,KSXLETNRCMCRAQ
CC(=O)Nc1cccc(-n2c(=O)n(C3CC3)c(=O)c3c(Nc4ccc(I)cc4F)n(C)c(=O)c(C)c32)c1,-1.079435761522027,LIRYPHYGHXZJBZ
CC(C)(C)[NH2+]CC(O)COc1cccc2c1CC(O)C(O)C2,-0.22121959439237987,VWPOSFSPZNDTMJ
CC(C)=CCC[C@]1(C)C=Cc2c([O-])c3c(c(CC=C(C)C)c2O1)O[C@]12C(=CC4C[C@@H]1C(C)(C)O[C@@]2(C/C=C(/C)C(=O)[O-])C4=O)C3=O,-0.7873860549174467,GEZHEQNLKAOMCA
CC(C)CC1C(=O)[NH+]2CCC[C@H]2[C@]2(O)O[C@@](C)(NC(=O)C3C[C@@H]4c5cccc6[nH]cc(c56)C[C@H]4[NH+](C)C3)C(=O)[NH+]12,0.7707940075577979,XWMMZDZUHSYSPU
CC1=[NH+]C(=O)[C@](CC[NH+](C(C)C)C(C)C)(c2ccccc2)[C@H]2CCCCN12,0.34570711791153047,QAHRRCMLXFLZTF
CCCC(=O)[NH+]1CCCN(c2nc(N)c3cc(OC)c(OC)cc3n2)CC1,0.11457893257900463,RHLJLALHBZGAFM
CCCCc1nc(C)c(CC(=S)[NH+](C)C)c(=O)n1Cc1ccc(-c2ccccc2-c2nnn[n-]2)cc1,0.5764868688712813,CKUCNXZCPVNWQR
CCCn1c(=O)c2[n-]c(C34CCC(CCC(=O)[O-])(CC3)CC4)nc2n(CCC)c1=O,-0.8794483752087937,ORNLWEWNNHAJHV
CCOc1ncc(S(=O)(=O)[NH+]2CC[NH+](CC)CC2)cc1-c1nc(=O)c2nn(CCOC)c(CC)c2[n-]1,0.8420418228906731,YPFZMBHKIVDSNR
CC[NH+](CC)CCOC(=O)C(Cc1cccc2ccccc12)CC1CCCO1,0.6549765756119619,KBAFPSLPKGSANY
CN(Cc1cnc2nc(N)nc(N)c2n1)c1ccc(C(=O)NC(CCC(=O)[O-])C(=O)[O-])cc1,-0.4363132941025087,FBOZXECLQNJBKD
COC(=O)CC[C@@H]1N=C(c2ccccn2)c2cc(Br)ccc2-n2c(C)cnc21,0.8747770839884857,CYHWMBVXXDIZNZ
COc1cc(Cc2cnc(N)nc2N)c2cc(Cc3c(C(=O)[NH+](C)C)[nH]c4ccc(Cl)cc34)oc2c1OC,0.4110921005390475,ASSNCSVJAZEMQG
COc1ccc(-n2nc(C(N)=O)c3c2C(=O)N(c2ccc(N4CCCCC4=O)cc2)CC3)cc1,-1.079435761522027,QNZCBYKSOIHPEH
COc1cccc2c(C(=O)[NH+]3CC[NH+](C)C(C)C3)cn(CC3CCCCC3)c12,-0.19862786176934624,ONXJNAIZJKLJGA
CSc1ccc(C(=O)c2[n-]c(=O)[n-]c2C)cc1,1.03491494196074,QOMGAOCGIWHBHV
C[C@H](CCc1ccc([O-])cc1)[NH2+]CCc1ccc([O-])c([O-])c1,2.231251562762927,JRWZLRBJNMZMFE
C[NH+](C)CCc1c[nH]c2ccc(C[C@H]3COC(=O)N3)cc12,0.3368151689303796,ULSDMUVEXKOYBU
C[NH+]1CCC[C@H]1c1cccnc1,0.9953868323316856,SNICXCGAKADSCV
C[n+]1cccc(OC(=O)[NH+](C)CCCCCC[NH+](C)C(=O)Oc2ccc[n+](C)c2)c1,-2.0032516341065802,AHZBEVXBKNYXPU
Cc1cc(C)c2c(c1)[C@@H]([NH+](Cc1cc(C(F)(F)F)cc(C(F)(F)F)c1)c1nnn(C)n1)CCCN2CC1CCC(C(=O)[O-])CC1,-1.046922372338711,IHIUGIVXARLYHP
Cc1ccc([C@@H]2O[C@H](CO)[C@@H](O)[C@H](O)[C@H]2O)cc1Cc1ccc(-c2ccc(F)cc2)s1,-0.25903923375066945,XTNGUQKDFGDXSJ
Clc1cccc(N2CC[NH2+]CC2)c1,0.2742950738863669,VHFVKMTVMIZMIK
N#CC(CC[NH+]1CCC(C(N)=O)([NH+]2CCCCC2)CC1)(c1ccccc1)c1ccccc1,0.4381175972827004,IHEHEFLXQFOQJO
Nc1[n-]c(=O)ncc1F,-0.4688266832858248,XRECTZIEBJDKEO
Nc1nc(=O)c2c([n-]1)NCC(CNc1ccc(C(=O)NC(CCC(=O)[O-])C(=O)[O-])cc1)[NH+]2C=O,0.24068834189989666,GAOLOWGPQVKVFT
O=C(NCCN1CC[NH+]=C1c1ccncc1)Nc1ccc(C(=O)[O-])cc1,-0.5889929092904989,QBVPWMWOTZZZRZ
O=C1CC[C@@]2(O)[C@H]3Cc4ccc([O-])c5c4[C@@]2(CC[NH+]3CC2CC2)C1O5,1.763523569484563,DQCKKXVULJGBQN
O=c1[n-]cnc2c1ncn2[C@H]1CC[C@@H](CO)O1,0.6672043001309028,BXZVVICBKDXVGW
[O-]c1cc2c(cc1[O-])[C@H](Cc1cccc3ccccc13)[NH2+]CC2,2.434450484395733,YGCQFKVNIBDJFW
C#C[C@]1(O)C=C[C@H]2[C@@H]3CC=C4CC(=O)CCC4[C@H]3CC[C@@]21CC,-1.079435761522027,PCGOZSMTJRCWQF
C1COC(NC(C2CC2)C2CC2)=[NH+]1,0.37545743029092327,CQXADFVORZEARL
C=C[C@@H]1C[NH2+]CC[C@@H]1CCCc1ccnc2ccc(OC)cc12,1.2404357902947007,XFXANHWIBFMEOY
CC(=O)OCC1=C(C(=O)[O-])[NH+]2C(=O)C(NC(=O)CC#N)[C@H]2SC1,-0.060675215570413506,RRYMAQUWDLIUPV
CC(C(=O)[O-])c1ccc2c(c1)[nH]c1ccc(Cl)cc12,-1.3794462377375476,PUXBGTOOZJQSKH
CC(C)(O)[C@@H]1CC[C@](C)([C@H]2[C@@H](O)C[C@@]3(C)[C@@H]4C[C@H](O[C@@H]5O[C@H](CO)[C@@H](O)[C@H](O)[C@H]5O)[C@H]5C(C)(C)[C@@H](O[C@@H]6OC[C@@H](O)[C@H](O)[C@H]6O)CC[C@@]56C[C@@]46CC[C@]23C)O1,-1.131388731598813,QMNWISYXSJWHRY
CC(C)C[C@H](NC(=O)C(Cc1ccccc1)NC(=O)c1cnccn1)B(O)O,1.0314168116758071,GXJABQQUPOEUTA
CC1(C)SC2C(NC(=O)C(NC(=O)c3cnc4cccnc4c3[O-])c3ccccc3)C(=O)[NH+]2C1C(=O)[O-],-0.5030081391449484,XMQVYNAURODYCQ
CC1=C(CO)C2=C(C)C3(CC3)[C@@](C)(O)C(=O)C2=C1,2.362337786022524,NICJCIQSJJKZAH
CCC(C)C(=O)O[C@H]1C[C@@H](C)C=C2C=C[C@H](C)[C@H](CC[C@@H](O)C[C@@H](O)CC(=O)[O-])[C@H]21,0.3847777540954834,QLJODMDSTUBWDW
CCC1=NC(=O)C2CSSCC/C=C/[C@H](CC(=O)NC(C(C)C)C(=O)N2)OC(=O)C(C(C)C)NC1=O,0.4030362192219426,SOOPLNPQGWJZHY
CCCCC(=O)[NH+](Cc1ccc(-c2ccccc2-c2nnn[n-]2)cc1)C(C(=O)[O-])C(C)C,-1.4061054842444267,PFBBFBWIKFELAX
CCCCS(=O)(=O)NC(Cc1ccc(OCCCCC2CC[NH2+]CC2)cc1)C(=O)[O-],-0.19862786176934624,COKMIXFXJJXBQG
CCCn1c(=O)[n-]c(=O)c2nc[n-]c21,-0.006918746993548157,YDPQCZQZTQLWCZ
CCOc1ccc2c(c1)[C@]1(CC[C@H](OCC[NH+]3CCOCC3)CC1)C(=O)N2S(=O)(=O)c1ccc(C(=O)NC(C)(C)C)cc1OC,0.7416429774415871,QKXJWFOKVQWEDZ
CC[NH+](CC)CCS(=O)(=O)[C@@H]1CC[NH+]2C(=O)c3coc(n3)CC(=O)C[C@H](O)/C=C(C)/C=C\CNC(=O)/C=C/[C@@H](C)[C@H](C(C)C)OC(=O)C12,0.9168971255910051,SUYRLXYYZQTJHF
CCc1cc2c(cc1CC)CC([NH2+]C[C@H](O)c1ccc([O-])c3[n-]c(=O)ccc13)C2,0.06860261502164008,ZGNMJASADIRLJU
CNC(=O)c1ccccc1Sc1ccc2c(/C=C/c3ccccn3)n[n-]c2c1,0.14178239495037767,ITTZVFNGFLEASL
COC(=O)c1cnc2n1CCc1ccccc1C2=C1CC[NH+](CCc2ccc(OCc3ccc4ccccc4n3)cc2)CC1,0.8345436589556776,TULGGJGJQXESOO
CON=C(C(=O)NC1C(=O)[NH+]2C(C(=O)[O-])=C(CSc3cnns3)CS[C@H]12)c1csc(N)n1,0.009536219632831619,CXHKZHZLDMQGFF
CO[C@@H]1C[C@@](C)(O)Cc2cc3c(c([O-])c21)C(=O)c1c([O-])cc2c(c1C3=O)O[C@@H]1O[C@]2(C)[C@@H](O)[C@@H]([NH+](C)C)[C@@H]1O,0.7031705068266156,LWYJUZBXGAFFLP
COc1cc(NCc2ccc3nc(N)nc(N)c3c2C)cc(OC)c1OC,-1.1049060830230155,NOYPYLRCIDNJJB
COc1cc2c(cc1[O-])CC[NH2+][C@]21CS[C@@H]2c3c(OC(C)=O)c(C)c4c(c3[C@H](COC1=O)[NH+]1[C@@H]2[C@H]2c3c(cc(C)c(OC)c3[O-])C[C@@H]([C@@H]1O)[NH+]2C)OCO4,0.7251880108152071,PKVRCIRHQMSYJX
COc1ccc(Cc2nccc3cc(OC)c(OC)cc23)cc1OC,0.6672043001309028,XQYZDYMELSJDRZ
COc1cccc(OC)c1C(=O)NC1C(=O)[NH+]2C(C(=O)[O-])C(C)(C)S[C@H]12,0.3267940434111789,RJQXTJLFIWVMTO
COc1ccnc(C[S+](O)c2nc3cc(-n4cccc4)ccc3[n-]2)c1C,-1.1404554332160923,WEIYCDVJQUHKPX
C[C@@H](O)C1C(=O)[NH+]2C(C(=O)[O-])=C(S[C@H]3CC(C(=O)[NH+]4CC[C@H](NC(=O)CNC(N)=[NH2+])C4)[NH+](C)C3)[C@H](C)[C@H]12,-0.5030081391449484,KEDAXBWZURNCHS
C[C@@H]([NH2+]CCCc1cccc(C(F)(F)F)c1)c1cccc2ccccc12,1.0064018316951222,VDHAWDNDOKGFTD
C[C@H]1COc2c(N3CC[NH+](C)CC3)c(F)c(N)c3c(=O)c(C(=O)[O-])cn1c23,-0.4053127143975762,MHFCVNDHFSOKMK
C[NH+](C)CC/C=C1/c2ccccc2Sc2ccc(Cl)cc21,0.6968266119421708,WSPOMRSOLSGNFJ
C[NH+](C)Cc1nnc2n1-c1ccc(Cl)cc1C(c1ccccc1)=NC2,0.28513095961103224,GJSLOMWRLALDCT
C[NH2+][C@@H]1CCc2[nH]c3ccc(C(N)=O)cc3c2C1,-0.320125541341899,XPSQPHWEGNHMSK
Cc1cc(=O)c(C(=O)NC(C(=O)NC2C(=O)[NH+]3C(C(=O)[O-])=C(CSc4nnnn4C)CS[C@H]23)c2ccc([O-])cc2)c[n-]1,-1.419846018241751,ZYNWUOXABLBNKD
Cc1ccc(N(CC2=[NH+]CCN2)c2cccc([O-])c2)cc1,1.5600195930105236,MRBDMNSDAVCSSF
Cc1cccnc1NS(=O)(=O)c1ccc(C#Cc2ccc([O-])c(C(=O)[O-])c2)cc1,-2.7028450027320194,WJLQPSZXCOYTHS
Cc1ncc([N+](=O)[O-])n1CC(O)C[NH+]1CCOCC1,-0.6175278252297505,GAZGHCHCYRSPIV
Cn1c(NCC[NH+](CCO)CCCc2ccc([N+](=O)[O-])cc2)cc(=O)n(C)c1=O,1.094611856275109,OEBPANQZQGQPHF
NC(=O)c1csc([C@@H]2O[C@H](CO)[C@@H](O)[C@H]2O)n1,-0.34732900371327197,FVRDYQYEVDDKCR
Nc1ccn(C[C@@H](CO)OCP(=O)([O-])[O-])c(=O)n1,-0.320125541341899,VWFCHDSQECPREK
O=C(Cc1cccs1)NC1C(=O)[NH+]2C(C(=O)[O-])=C(C[n+]3ccccc3)CS[C@H]12,-0.1351138928810978,CZTQZXZIADLWOZ
O=C([O-])C1/C(=C/CO)O[C@@H]2CC(=O)[NH+]12,-0.17677697668124434,HZZVJAQRINQKSD
O=C1CCC[C@@H]2[C@H]3CCC[N@+]4(O)CCC[C@@H](C[NH+]12)[C@@H]34,0.4260480667797042,OURDWVLTRGSQCP
O=C1c2ccccc2OC[NH+]1CCO[N+](=O)[O-],1.326626921238705,POVFCWQCRHXYAB
O=c1[n-]c2ccccc2n1CCC[NH+]1CCC(n2c(=O)[n-]c3cc(Cl)ccc32)CC1,0.5695088753835305,NMUVIEAOYWSTGM
OCCN(CCO)c1nc(N2CCCCC2)c2nc(N(CCO)CCO)nc(N3CCCCC3)c2n1,-0.4688266832858248,IZEKFCXSFNUWAM
Oc1cc2cc(CC[NH+]3CCN(c4nsc5ccccc45)CC3)c(Cl)cc2[nH]1,0.15497871308320801,CARRCRVKWDEWCD
[NH3+]C12CC3CC(CC(C3)C1)C2,0.11457893257900463,DKNWSYNQZKUICI
[O-]c1c(C2=CC[C@@H](c3ccc(Cl)cc3)CC2)c(O)c2ccccc2c1O,-2.1949607488823784,JAUORDHNHDCTAS
C[NH2+]C[C@@H]1CC[C@@H]([NH3+])[C@@H](O[C@@H]2[C@H](O)[C@@H](O[C@H]3OC[C@](C)(O)[C@H]([NH2+]C)[C@H]3O)[C@H]([NH3+])C[C@@H]2[NH3+])O1,-0.8672206506898529,DNYGXMICFMACRA
C[NH2+][C@@H]1[C@@H](O)[C@@H](O[C@@H]2[C@@H](O)[C@H](O[C@H]3O[C@H](C[NH3+])[C@@H](O)[C@H](O)[C@H]3O)[C@@H]([NH3+])C[C@H]2NC(=O)C(O)C[NH3+])OC[C@]1(C)O,-0.7558970968183314,UDIIBEDMEYAVNG
C[NH2+][C@@H]1[C@@H](O)[C@@H](O[C@@H]2[C@@H](O)[C@H](O[C@H]3O[C@H]([C@@H](C)[NH3+])CC[C@H]3[NH3+])[C@@H]([NH3+])C[C@H]2[NH3+])OC[C@]1(C)O,-0.9307346195781013,XUFIWSHGXVLULG
[NH3+]CCC(O)C(=O)N[C@@H]1C[C@H]([NH3+])[C@@H](O[C@H]2O[C@H](C[NH3+])CC[C@H]2[NH3+])[C@H](O)[C@H]1O[C@H]1O[C@H](CO)[C@@H](O)[C@H]([NH3+])[C@H]1O,-0.7662289671736763,MKKYBZZTJQGVCD
[NH3+]CCC(O)C(=O)N[C@@H]1C[C@H]([NH3+])[C@@H](O[C@H]2O[C@H](C[NH3+])[C@@H](O)[C@H](O)[C@H]2O)[C@H](O)[C@H]1O[C@H]1O[C@H](CO)[C@@H](O)[C@H]([NH3+])[C@H]1O,-0.8672206506898529,LKCWBDHBTVXHDL
[NH3+]C[C@@H]1CC[C@@H]([NH3+])[C@@H](O[C@H]2[C@H](O)[C@@H](O[C@H]3O[C@H](CO)[C@@H](O)[C@H]([NH3+])[C@H]3O)[C@H]([NH3+])C[C@@H]2[NH3+])O1,-1.079435761522027,JJCQSGDBDPYCEO
[NH3+]C[C@H]1O[C@H](O[C@H]2[C@H](O)[C@@H](O[C@H]3O[C@H](CO)[C@@H](O)[C@H]([NH3+])[C@H]3O)[C@H]([NH3+])C[C@@H]2[NH3+])[C@H](O)[C@@H](O)[C@@H]1O,-0.7065121156189874,SBUJHOSQTJFQJX
[NH3+]C[C@H]1O[C@H](O[C@H]2[C@H](O)[C@@H](O[C@H]3O[C@H](CO)[C@@H](O)[C@H]([NH3+])[C@H]3O)[C@H]([NH3+])C[C@@H]2[NH3+])[C@H]([NH3+])C[C@@H]1O,-0.6175278252297505,NLVFBUXFDBBNBW
CN1C(=O)C(O)N=C(c2ccccc2Cl)c2cc(Cl)ccc21,-0.006918746993548157,FJIKWRGCXUCUIG
O=C([O-])C1N=C(c2ccccc2)c2cc(Cl)ccc2NC1=O,-0.8672206506898529,XDDJGVMJFWAHJX
O=C1CN=C(c2ccccc2)c2cc(Cl)ccc2N1,-2.3436618908263043,AKPLHCDWDRPJGD
O=C1CN=C(c2ccccc2)c2cc([N+](=O)[O-])ccc2N1,-1.0312418303073732,KJONHKAYOJNZEC
O=C1CN=C(c2ccccc2Cl)c2cc(Br)ccc2N1,-2.9270675066911336,CGMJQQJSWIRRRL
O=C1CN=C(c2ccccc2Cl)c2cc(Cl)ccc2N1,-2.1115529955463024,CHIFCDOIPRCHCF
CC(CC(c1ccccc1)c1ccccc1)[NH2+]C(C)(C)C,-0.8672206506898529,UISARWKNNNHPGI
CCC(=O)C(CC(C)[NH+](C)C)(c1ccccc1)c1ccccc1,-0.5771280447255474,USSIQXCVUWKGNF
CCC(CC)COC(C(=O)OCC[NH+](C)C)(c1ccccc1)c1ccccc1,0.22909861866380704,FPTOUQZVCUIPHY
CC[C@H](OC(C)=O)C(C[C@H](C)[NH+](C)C)(c1ccccc1)c1ccccc1,0.19306863931968532,XBMIVRRWGCYBTQ
C[NH+](C)CCOC(c1ccccc1)c1ccccc1,0.5902274028686054,ZZVUWRFHKOJYTH
CC(=O)[C@]1(O)Cc2c([O-])c3c(c([O-])c2[C@@H](O[C@H]2C[C@H]([NH3+])[C@H](O)[C@H](C)O2)C1)C(=O)c1ccccc1C3=O,1.1870959471074836,XDXDZDZNSLXDNA
COc1cccc2c1C(=O)c1c([O-])c3c(c([O-])c1C2=O)C[C@@](O)(C(=O)CO)C[C@@H]3O[C@H]1C[C@H]([NH3+])[C@@H](O)[C@H](C)O1,1.065598267534931,AOJJSUZBOXZQNB
COc1cccc2c1C(=O)c1c([O-])c3c(c([O-])c1C2=O)C[C@@](O)(C(=O)CO)C[C@@H]3O[C@H]1C[C@H]([NH3+])[C@H](I)[C@H](C)O1,2.362337786022524,PDQGEKGUTOTUNV
COc1cccc2c1C(=O)c1c([O-])c3c(c([O-])c1C2=O)C[C@@](O)(C(C)=O)C[C@@H]3O[C@H]1C[C@H]([NH3+])[C@H](O)[C@H](C)O1,1.6430072187994043,STQGQHZAVUOBTE
CCn1cc(C(=O)[O-])c(=O)c2cc(F)c(N3CC[NH2+]CC3)cc21,0.3621860214724496,OGJPXUAPXNRGGI
CCn1cc(C(=O)[O-])c(=O)c2cc(F)c(N3CC[NH2+][C@@H](C)C3)c(F)c21,-0.010259066213229131,ZEKZLJVOYLTDKK
C[NH+]1CCN(c2c(F)cc3c(=O)c(C(=O)[O-])cn(CCF)c3c2F)CC1,-0.34732900371327197,XBJBPGROQZJDOJ
C[NH2+]n1cc(C(=O)[O-])c(=O)c2cc(F)c(N3CC[NH+](C)CC3)cc21,0.08039747671988123,RUXPNBWPIRDVTH
CSCCNc1nc(SCCC(F)(F)F)nc2c1ncn2[C@@H]1O[C@H](CO[P@](=O)(O)O[P@](=O)(O)C(Cl)(Cl)P(=O)([O-])[O-])[C@@H](O)[C@H]1O,0.5379067680713012,PAEBIVWUMLRPSK
Nc1nc(Cl)nc2c1ncn2[C@@H]1O[C@H](CO)[C@@H](O)[C@@H]1F,0.42951886779774,WDDPHFBMKLOVOX
Nc1nc(Cl)nc2c1ncn2[C@H]1C[C@H](O)[C@@H](CO)O1,0.8279128352017681,PTOAARAWEBMLNO
Nc1nc(F)nc2c1ncn2[C@@H]1O[C@H](CO)[C@@H](O)[C@@H]1O,-0.1556198889374738,HBUBKKRHXORPQB
CC(=O)OC1=C2C(C)[C@@H](OC(=O)C(O)C(NC(=O)c3ccccc3)c3ccccc3)C[C@@](O)([C@@H](OC(=O)c3ccccc3)[C@@H]3[C@]4(OC(C)=O)CO[C@@H]4C[C@H](O)[C@@]3(C)C1=O)C2(C)C,0.3062880473548027,NDUAXKHGCJIYEQ
CC/C=C\C/C=C\C/C=C\C/C=C\C/C=C\C/C=C\CCC(=O)OC(C(=O)O[C@H]1C[C@@]2(O)[C@@H](OC(=O)c3ccccc3)[C@@H]3[C@]4(OC(C)=O)CO[C@@H]4C[C@H](O)[C@@]3(C)C(=O)C(OC(C)=O)=C(C1C)C2(C)C)[C@@H](NC(=O)c1ccccc1)c1ccccc1,-3.3889754429834102,QOCSQQHOTMFPPW
COC(=O)O[C@@]12CO[C@@H]1C[C@H](O)[C@@]1(C)C(=O)C(OC(C)=O)=C3C(C)[C@@H](OC(=O)C(O)C(NC(=O)c4ccccc4)c4ccccc4)C[C@@](O)([C@@H](OC(=O)c4ccccc4)[C@H]21)C3(C)C,0.503183120513382,ABIZEZNSXJNXJM
CCC(=O)C1(c2cccc([O-])c2)CC[NH+](C)CC1,0.5481254699982451,ALFGKMXHOUSVAD
CCCCCC[NH+]1CCC(C(=O)[NH+](C)CC)(c2ccccc2)CC1,1.1870959471074836,TYWUGCGYWNSRPS
CCOC(=O)C1(c2ccccc2)CC[NH+](C)CC1,0.1283194665763291,XADCESSVHJOZHK
CCOCCO[C@@H]1CC[C@@H](C[C@@H](C)[C@@H]2CC(=O)C(C)=CC(C)[C@@H](O)C(OC)C(=O)C(C)C[C@H](C)/C=C/C=C/C=C(\C)[C@@H](OC)C[C@@H]3CC[C@@H](C)[C@@](O)(O3)C(=O)C(=O)[NH+]3CCCCC3C(=O)O2)C[C@H]1OC,0.7362030101786434,DULLMCUFXMRPNT
COC1C(=O)C(C)C[C@H](C)/C=C/C=C/C=C(\C)[C@@H](OC)C[C@@H]2CC[C@@H](C)[C@@](O)(O2)C(=O)C(=O)[NH+]2CCCCC2C(=O)O[C@H]([C@H](C)C[C@@H]2CC[C@@H](OC(=O)C(C)(CO)CO)[C@H](OC)C2)CC(=O)C(C)=CC(C)[C@H]1O,0.42951886779774,ZWYQUVBAZLHTHP
COC1C(=O)C(C)C[C@H](C)C=CC=CC=C(C)[C@@H](OC)C[C@@H]2CC[C@@H](C)[C@@](O)(O2)C(=O)C(=O)[NH+]2CCCCC2C(=O)O[C@H]([C@H](C)C[C@@H]2CC[C@@H](OP(C)(C)=O)[C@H](OC)C2)CC(=O)C(C)=CC(C)[C@H]1O,-0.8672206506898529,MTTQXNQOEINTQC
CON=C(C(=O)NC1C(=O)[NH+]2C(C(=O)[O-])=C(C)CS[C@H]12)c1csc(N)n1,-0.5030081391449484,MQLRYUCJDNBWMV
CON=C(C(=O)NC1C(=O)[NH+]2C(C(=O)[O-])=C(COC(C)=O)CS[C@H]12)c1csc(N)n1,-0.2688392969725913,GPRBEKHLDVQUJE
CON=C(C(=O)NC1C(=O)[NH+]2C(C(=O)[O-])=CCS[C@H]12)c1csc(N)n1,-0.4363132941025087,NNULBSISHYWZJU
C[NH+](CC(O)=NO)C(=O)C1CCCCC1C(=O)[O-],0.29579346370624643,QKIVRALZQSUWHH
[NH3+]CC1(CC(=O)[O-])CCCCC1,-0.5771280447255474,UGJMXCAKCUNAIE
[NH3+]CC1CCC(C(=O)[O-])CC1,-0.34732900371327197,GYDJEQRTZSCIOI
C/C(=C\[C@H](C(C)C)[NH+](C)C(=O)C(NC(=O)C1CCCC[NH+]1C(C)C)C(C)(C)C)C(=O)[O-],-0.9510324005760625,FWYMMXUDTATKLG
OCC[NH+]1C[C@H](O)[C@@H](O)[C@H](O)[C@H]1CO,-0.5771280447255474,IBAQFPQHRJAVAV
C=CCN(C1=[NH+]CCN1)c1c(Cl)cccc1Cl,0.7251880108152071,OXTYVEUAQHPPMV
Clc1cccc(Cl)c1NC1=[NH+]CCN1,-0.006918746993548157,GJSURZIOUXUGAL
CC(=O)O[C@H]1C[C@@H]2CC[C@@H]3[C@H](CC[C@@]4(C)[C@H]3C[C@H]([N+]3(C)CCCCC3)[C@@H]4OC(C)=O)[C@@]2(C)C[C@@H]1[N+]1(C)CCCCC1,-0.6605357980616228,GVEAYVLWDAFXET
CC(=O)O[C@H]1C[C@@H]2CC[C@@H]3[C@H](CC[C@@]4(C)[C@H]3C[C@H]([N+]3(C)CCCCC3)[C@@H]4OC(C)=O)[C@@]2(C)C[C@@H]1[NH+]1CCCCC1,0.07157095974713254,BGSZAXLLHYERSY
CC(CN1c2ccccc2Sc2ccccc21)C[NH+]1CC[NH+](CCOCCO)CC1,0.9280486667619136,MSYUMPGNGDNTIQ
OCC[NH+]1CC[NH+](CCCN2c3ccccc3Sc3ccc(Cl)cc32)CC1,1.2655856538481645,RGCVKNLCSQQDEP
CC1(C)O[C@@H]2C[C@H]3[C@@H]4CC=C5CC(=O)C=C[C@]5(C)[C@@]4(F)[C@@H](O)C[C@]3(C)[C@]2(C(=O)CO)O1,0.5624570393239239,AIPSXDXZFKITIG
CCCC1O[C@@H]2C[C@H]3[C@@H]4CC=C5CC(=O)C=C[C@]5(C)[C@H]4[C@@H](O)C[C@]3(C)[C@]2(C(=O)CO)O1,1.065598267534931,UNISKOOZAQCSPC
CC1C(=O)O[C@H]2C[C@@]34[C@H]5C[C@@H](C(C)(C)C)C36C(O)C(=O)O[C@H]6OC4(C(=O)O5)[C@@]12O,-0.37569040258630826,FPUXKXIZEIDQKW
CC1C(=O)O[C@H]2[C@H](O)C34[C@H]5C[C@@H](C(C)(C)C)C36C(O)C(=O)O[C@H]6OC4(C(=O)O5)[C@@]12O,-0.37569040258630826,SQOJOAFXDQDRGF
CCCCc1nc(Cl)c(CO)n1Cc1ccc(-c2ccccc2-c2nnn[n-]2)cc1,0.47144415592510847,MDMTUGIZSFHDIC
CCCc1nc(C(C)(C)O)c(C(=O)[O-])n1Cc1ccc(-c2ccccc2-c2nnn[n-]2)cc1,-1.7556445452131355,XPEIDDCLIATNPU
CC[C@@]1(O)C[NH+]2CC[C@H]1C[C@@H]2[C@@H](O)c1ccnc2ccc(OC)cc12,0.7251880108152071,QJYVSAYVZYKUJL
CC[C@H]1C[NH+]2CC[C@H]1C[C@@H]2[C@@H](O)c1ccnc2ccc(OC)cc12,0.025594642189767817,LJOQGZACKSYWCH
COP(=O)(c1cc(C)cc(/C=C/C#N)c1)c1c(C(N)=O)[nH]c2ccc(Cl)c(F)c12,-0.5280231191256335,DFIFLWAAHXINAZ
COP(=O)(c1cc(C)cc(/C=C/C#N)c1)c1c(C(N)=O)[nH]c2ccc(Cl)cc12,-0.5732195743481935,CGBYTKOSZYQOPV
COc1cc2c3cc1Oc1cc(ccc1[O-])C[C@@H]1c4c(cc(OC)c([O-])c4Oc4ccc(cc4)C[C@@H]3[NH+](C)CC2)CC[N+]1(C)C,-0.11522010843327062,JFJZZMVDLULRGK
COc1ccc2cc1Oc1cc3c(cc1OC)CC[N+](C)(C)[C@H]3Cc1ccc(cc1)Oc1c(OC)c(OC)cc3c1[C@@H](C2)[N+](C)(C)CC3,-0.8092369400055486,JFXBEKISTKFVAB
COc1ccccc1Oc1c(NS(=O)(=O)c2ccc(C(C)C)cn2)nc(-c2ccnc(-c3nnn[n-]3)c2)nc1OCCO,0.46326746083616377,ZKNIWTAZSQYWIO
COc1ccccc1Oc1c(NS(=O)(=O)c2ccc(C)cn2)nc(-c2ccnc(-c3nnn[n-]3)c2)nc1OCCO,0.6362037204259702,GMYPFCOMLVDXRB
C[NH+](C)CC[NH+]1C(=O)c2cccc3cc(N)cc(c23)C1=O,1.0425467954738383,UPALIKSFLSVKIS
C[NH+](C)CC[NH+]1C(=O)c2cccc3cc([N+](=O)[O-])cc(c23)C1=O,1.4308621476214054,XXVLKDRPHSFIIB
Cc1nnc(SCC2=C(C(=O)[O-])[NH+]3C(=O)C(NC(=O)Cn4cnnn4)[C@H]3SC2)s1,-1.0083918561430198,MLYYVTUWGNIJIB
O=C(Cn1cnnn1)NC1C(=O)[NH+]2C(C(=O)[O-])=C(CSc3nncs3)CS[C@H]12,0.18935613785685537,DZMVCVMFETWNIU
O=C(/C=C/c1ccc([O-])c([O-])c1)O[C@@H]1C[C@](O)(C(=O)[O-])C[C@@H](OC(=O)/C=C/c2ccc([O-])c([O-])c2)[C@H]1O,1.9535646175845525,KRZBCHWVBQOTNZ
O=C(/C=C/c1ccc([O-])c([O-])c1)O[C@@H]1C[C@](OC(=O)/C=C/c2ccc([O-])c([O-])c2)(C(=O)[O-])C[C@@H](O)[C@H]1O,0.5108871634163751,YDDUMTOHNYZQPO
CC(C=Cc1c(C)c(O)c2ccccc2c1O)=CCC[C@H](C)CCC[C@H](C)CCCC(C)C,-0.6175278252297505,LLVIVPAPYJXADK
C[NH+](C)CCCNC(=O)/C(=C/CCCCC(O)=NO)COc1cccc2ccccc12,-0.5316745928592174,AUGCSOFQTDKPSO
CNC(=O)c1cccc2c(Nc3ccc(NS(C)(=O)=O)cc3OC)c3cccc(C)c3nc12,-0.2939891605260547,TWHSQQYCDVSBRK
COc1cc(NS(C)(=O)=O)ccc1Nc1c2ccccc2nc2ccccc12,0.04127518422110567,XCPGHVQEEXUHNC
C#C[C@]1(O)CC[C@H]2[C@@H]3CC=C4CC(=O)CCC4[C@H]3C(=C)C[C@@]21CC,-0.4688266832858248,BOMXWTHINLWJIE
C=CCC1(C(C)C#CCC)C(=O)[N-]C(=O)N(C)C1=O,0.7251880108152071,NZXKDOXHBHYTKP
CC#C[C@]1(O)CC[C@H]2C3=C(C4=C(CC3)CC(=O)CC4)C(c3ccc(N(C)C)cc3)C[C@@]21C,-1.392642555870378,BHZCGCMWEVHUBA
CC(=[NH2+])N1CC[C@H](Oc2ccc(C(Cc3ccc4ccc(C(N)=[NH2+])cc4c3)C(=O)[O-])cc2)C1,-0.5171872334009682,AGRCGQSFFMCBRE
CC(C)(F)CC([NH2+][C@@H](c1ccc(-c2ccc(S(C)(=O)=O)cc2)cc1)C(F)(F)F)C(=O)NC1(C#N)CC1,-2.037433089965704,FWIVDMJALNEADT
CC(NC(=O)C(Cc1c[nH]c2ccccc12)NC(=O)C([NH3+])Cc1cnc[n-]1)C(=O)NC(Cc1c[nH]c2ccccc12)C(=O)NC(Cc1ccccc1)C(=O)NC(CCCC[NH3+])C(N)=O,-0.17677697668124434,VDWMCCNJAJRSPB
CC1(C)O[C@@H]2[C@@H](CO[C@@]3(COS(N)(=O)=O)OC(C)(C)O[C@@H]23)O1,-1.8032642477933467,KJADKKWYZYXHBB
CCC(=O)NC[C@@H]1C[C@H]1c1cccc2c1CCO2,0.5364340773304168,PTOIAAWZLUQTIO
CCCCC(C)(C)[C@@H](O)/C=C\[C@@H]1[C@H](C/C=C/CCCC(=O)[O-])[C@@H](Cl)C[C@@H]1O,0.7887019797034555,AIOFTOLPMOTZKD
CCC[NH2+][C@H]1CCc2nc(N)sc2C1,0.3847777540954834,FASDKYOPVNHBLU
CCOC(=O)C(CCc1ccccc1)[NH2+]C(C)C(=O)[NH+]1C(C(=O)[O-])C[C@H]2CCCC[C@H]21,0.75239147318658,VXFJYXUZANRPDJ
CCOc1cc(Cc2cnc(N)nc2N)cc(OCC)c1-n1cccc1,-0.09590303738278498,NMARPFMJVCXSAV
CC[C@@]1(O)C(=O)OCc2c1cc1n(c2=O)Cc2c-1nc1cc3c(cc1c2C[NH+]1CC[NH+](C)CC1)OCCO3,1.216162700496382,RVFGKBWWUQOIOU
CC[C@H]1OC(=O)C[C@@H](O)[C@H](C)[C@@H](O[C@@H]2O[C@H](C)C[C@H]([NH+](C)C)[C@@H]2O)[C@@H](CC=O)CC(C)C(=O)C=C[C@]2(C)O[C@H]2[C@@H]1C,0.7937313793426447,IUPCWCLVECYZRV
CN(CCOc1ccc(Cc2sc(=O)[n-]c2O)cc1)c1ccccn1,-1.2178050331106078,HYYTYVGJWRWHHQ
CNS(=O)(=O)Cc1ccc2[nH]cc(CCC[NH+]3CCN(c4ncncc4OC)CC3)c2c1,0.3104400376650826,WRZVGHXUPBWIOO
COCC(=O)O[C@]1(CC[NH+](C)CCCc2nc3ccccc3[n-]2)CCc2cc(F)ccc2[C@@H]1C(C)C,-0.006918746993548157,QBXRKUKDJCCYQX
CON=C(C(=O)NC1C(=O)[NH+]2C(C(=O)[O-])=C(CSc3nc(=O)c([O-])nn3C)CS[C@H]12)c1csc(N)n1,-1.939737665218332,VAAUVRVFOQPIGI
CO[C@@H]1[C@@H](O[C@@H]2O[C@H](C)[C@@H](O[C@H]3C[C@@](C)(O)[C@@H](O)[C@H](C)O3)[C@H]([NH+](C)C)[C@H]2O)[C@@H](CC=O)C[C@@H](C)[C@@H](O[C@H]2CC[C@@H]([NH+](C)C)[C@H](C)O2)C=CC=CC[C@@H](C)OC(=O)C[C@H]1O,0.7681959836470792,ACTOXUHEUCPTEW
COc1c(N2C[C@@H]3CCC[NH2+][C@@H]3C2)c(F)cc2c(=O)c(C(=O)[O-])cn(C3CC3)c12,-0.34732900371327197,FABPRXSRWADJSP
COc1cc([S+](C)O)ccc1-c1nc2ncccc2[n-]1,0.6036903312426541,JNXDPGWXNIGDRX
COc1ccc(CC[NH+](C)CCC[NH+]2CCc3cc(OC)c(OC)cc3CC2=O)cc1OC,0.48750257848204437,KEDQCFRVSHYKLR
COc1ccc2cc1Oc1ccc(cc1)C[C@H]1c3cc(c(OC)cc3CC[NH+]1C)Oc1c(OC)c(OC)c(Br)c3c1[C@H](C2)[NH+](C)CC3,0.5764868688712813,ANJMFZGRGHQXMA
CS(=O)(=O)c1ccc(C(=O)Nc2ccc(Cl)c(-c3ccccn3)c2)c(Cl)c1,-3.9995845212196124,BPQMGSKTAYIVFO
C[C@@H]([C@@](O)(Cn1cncn1)c1ccc(F)cc1F)S(C)(=O)=O,-2.037433089965704,HFGZFHCWKKQGIS
C[C@@H]1[C@H](O)[C@@H](C)C=CC=CC=CC=CC=CC=CC=C[C@H](O[C@H]2O[C@H](C)[C@@H](O)[C@H]([NH3+])[C@@H]2O)C[C@@H]2O[C@@](O)(C[C@@H](O)C[C@@H](O)[C@H](O)CC[C@@H](O)C[C@@H](O)CC(=O)O[C@H]1C)C[C@H](O)C2C(=O)[O-],-2.1115529955463024,APKFDSVGJQXUKY
C[C@H]1O[C@H](O[C@H]2[C@H](O)[C@@H](O)[C@@H](OC(C(=O)C(O)CO)[C@H](O)CO)O[C@@H]2CO)[C@H](O)[C@@H](O)[C@@H]1[NH2+][C@H]1C=C(CO)[C@@H](O)[C@H](O)[C@H]1O,-0.4053127143975762,QOOXKCQTBVDROE
C[N+]1(CC2CC2)[C@@H]2C[C@@H](OC(=O)C(CO)c3ccccc3)C[C@H]1[C@@H]1O[C@@H]12,1.2142994094788564,QVVOZYKELHAIPX
C[NH+](C)CCN(Cc1cccs1)c1ccccn1,1.2898207714940448,HNJJXZKZRAWDPF
C[NH+](CCC(=O)/C=C/c1ccc([O-])cc1)CCc1ccc2c(c1)OCO2,3.4471171419520603,JEJGJJSMKOHPTP
C[NH+]1CCOC(c2ccccc2)c2ccccc2C1,0.7251880108152071,RGPDEAGGEXEMMM
Cc1ccc(-n2nccn2)c(C(=O)[NH+]2CCN(c3nc4cc(Cl)ccc4o3)CC[C@H]2C)c1,-1.046922372338711,JYTNQNCOQXFQPK
Cc1cccc([C@H](C)c2c[n-]cn2)c1C,0.6672043001309028,WXIAQRKAXQUKIA
Cc1nc(=O)c(C#N)c(NCc2cccnc2)[n-]1,0.24068834189989666,NZXHFDXOCVIYLO
Clc1ccc(COC(Cn2ccnc2)c2ccc(Cl)cc2Cl)c(Cl)c1,0.5681044654031652,BYBLEWFAAKGYCD
Cn1nnnc1SCC1=C(C(=O)[O-])[NH+]2C(=O)C(=NC(=O)C(NOCC(=O)[O-])c3cc[n-]n3)[C@H]2SC1,-0.5280231191256335,BIZFYWUMEZAKHE
NC(=O)c1cc[n+](CC2=C(C(=O)[O-])[NH+]3C(=O)C(NC(=O)C(c4ccccc4)S(=O)(=O)[O-])[C@H]3SC2)cc1,-0.48228961165987344,SYLKGLMBLAAGSC
NC(=[NH2+])c1ccc(C(=O)NC(Cc2ccc([O-])cc2)C(=O)[NH+]2CCC(OCC(=O)[O-])CC2)cc1,-0.5030081391449484,FPKOGTAFKSLZLD
NS(=O)(=O)c1ccc(S(=O)(=O)Nc2cccc3c(Cl)c[nH]c23)cc1,-1.1496471967252722,SETFNECMODOHTO
Nc1nc(=O)c2nc(CNc3ccc(C(=O)NC(CCC(=O)[O-])C(=O)[O-])cc3)cnc2[n-]1,1.7023437265869776,SCRAJBHUKHRKRW
Nc1nc([NH2+]C2CC2)c2ncn([C@H]3C=C[C@@H](CO)C3)c2n1,0.7785278540024242,MCGSCOLBFJQGHM
O=C(NC1CC[C@@H](c2cccc(F)c2F)C[NH+](CC(F)(F)F)C1=O)[NH+]1CCC(n2c(=O)[n-]c3ncccc32)CC1,0.24068834189989666,ZFZSYDRDIFLGFA
O=C([O-])C1=C(C[n+]2ccc(CCS(=O)(=O)[O-])cc2)CSC2C(NC(=O)C(NC(=O)c3[n-]cnc3C(=O)[O-])c3ccccc3)C(=O)[NH+]12,-0.5771280447255474,LNZMRLHZGOBKAN
O=C([O-])C[C@@H]1CC[C@H](NC(=O)Cc2cccs2)B(O)O1,-0.2120907901433949,IOOWNWLVCOUUEX
O=C1NC(=O)C(c2cn3ccccc3n2)=C1C1=C[NH+]2CC[NH+](C(=O)[NH+]3CCCCC3)C[C@@H]3C=C(F)C=C1[C@H]32,0.6233880891295631,UWVKPGBFIFWUKH
O=c1[n-]cnc2[n-]ncc12,0.6672043001309028,FUEBOPVIMOXHCV
O[C@](CO[C@@H]1C[NH+]2CCC1CC2)(c1ccccc1)C1CCCC1,-0.4721670025055058,GTKRIWMDLNOSLI
[NH3+]C[C@H]1O[C@H](O[C@H]2[C@H](O[C@@H]3O[C@H](CO)[C@@H](O)[C@H]3O)[C@@H](O)[C@H]([NH3+])C[C@@H]2[NH3+])[C@H]([NH3+])[C@@H](O)[C@@H]1O,-0.6605357980616228,NSKGQURZWSPSBC
C/C(=C\c1csc(C)n1)[C@@H]1C[C@@H]2O[C@]2(C)CCC[C@H](C)[C@H](O)C(C)C(=O)C(C)(C)[C@@H](O)CC(=O)N1,0.6036903312426541,FABUFPQFXZVHFB
CC(=O)[C@]1(O)Cc2c([O-])c3c(c([O-])c2[C@@H](O[C@H]2C[C@H]([NH+]4CC4)[C@H](OS(C)(=O)=O)[C@H](C)O2)C1)C(=O)c1ccccc1C3=O,1.1741994380527352,VMDWTZZCNDEKIO
CC(C)(C)[NH2+]C[C@@H](O)COc1cccc2c1CCC(=O)N2,0.6103211549965637,LWAFSWPYPHEXKX
CC(C)=CC[NH+]1CC[C@]2(C)c3cc([O-])ccc3C[C@H]1C2C,1.1587345482344473,VOKSWYLNZZRQPF
CC(C)OC(=O)CCC/C=C/C[C@@H]1[C@@H](CC[C@@H](O)CCc2ccccc2)[C@H](O)C[C@@H]1O,0.3368151689303796,GGXICVAJURFBLW
CCC(=O)N(c1ccccc1)C1(C(=O)OC)CC[NH+](CCC(=O)OC)CC1,1.4755532337504216,ZTVQQQVZCWLTDF
CCCC(C)C1(CC)C(=O)[N-]C(=O)[N-]C1=O,-1.4338758477891087,WEXRUCMBJFQVBZ
CCCNc1nc(NCCC)nc(N(C)OC)n1,0.7196114737620458,FJNLCHNQVJVCPY
CCN(CC)c1ccc2cc(C(=O)Nc3ccc4[nH]c(C(=O)N5C[C@@H](CCl)c6c5cc(OC(=O)Nc5ccccc5)c5[nH]cc(C)c65)cc4c3)oc2c1,-0.22121959439237987,BBZDXMBRAFTCAA
CC[C@@]1(O)C(=O)OCc2c1cc1n(c2=O)Cc2c-1nc1cc(F)c(C)c3c1c2[C@@H]([NH3+])CC3,-0.9579380819494743,ZVYVPGLRVWUPMP
CC[NH+]1CC[NH+](C(=O)NC(C(=O)NC2C(=O)[NH+]3C(C(=O)[O-])C(C)(C)S[C@H]23)c2ccccc2)C(=O)C1=O,-0.006918746993548157,IVBHGBMCVLDMKU
CN1c2ccccc2[C@@H]([NH2+]CCCCCCC(=O)[O-])c2ccc(Cl)cc2S1(=O)=O,-0.2446041793267108,JICJBGPOMZQUBB
COC(=O)N(C)c1c(N)nc(-c2nn(Cc3ccccc3F)c3ncccc23)nc1N,-1.131388731598813,WXXSNCNJFUAIDG
COc1cc(F)ccc1Cn1ccc2c3c(ncc21)C(=O)N(O)CC3,1.1870959471074836,OYKZKGBMHATGTA
COc1ccc([C@@H]2Sc3cc(Cl)ccc3N(CC[NH+](C)C)C(=O)C2OC(C)=O)cc1,0.8134777807778096,GYKFWCDBQAFCLJ
COc1ccccc1N1CC[NH+](CCCNc2cc(=O)n(C)c(=O)n2C)CC1,-0.17677697668124434,ICMGLRUYEQNHPF
C[C@@H](O)C1C(=O)[NH+]2C(C(=O)[O-])=C(S[C@@H]3C[NH2+]C(C(=O)Nc4cccc(C(=O)[O-])c4)C3)[C@H](C)[C@H]12,-1.4628539910736231,JUZNIMUFDBIJCM
C[C@H]1CCc2c(N3CCC(O)CC3)c(F)cc3c(=O)c(C(=O)[O-])cn1c23,-1.34135631150107,JYJTVFIEFKZWCJ
C[NH+](c1nc2ccccc2s1)C1CC[NH+](C[C@H](O)COc2ccc(F)c(F)c2)CC1,-0.5771280447255474,OZFSWVOEXHGDES
C[NH+]1CC[NH+](C(=O)OC2c3nccnc3C(=O)[NH+]2c2ccc(Cl)cn2)CC1,-0.1351138928810978,GBBSUAFBMRNDJC
Cc1[n-]c(=O)c(C#N)cc1-c1ccc2nccn2c1,0.6672043001309028,JPAWFIIYTJQOKW
Cc1cc(Nc2cc(N3CC[NH+](C)CC3)nc(Sc3ccc(NC(=O)C4CC4)cc3)n2)n[n-]1,1.0100334062905216,FMBMEYVVZCVNPG
Cc1cccc(N2CC(CO)OC2=O)c1,0.6672043001309028,MXUNKHLAEDCYJL
Cn1c(CCCC(=O)[O-])nc2cc(N(CCCl)CCCl)ccc21,0.07008844013894064,YTKUWDBFDASYHO
N#C[C@@H](O[C@@H]1O[C@H](CO[C@@H]2O[C@H](CO)[C@@H](O)[C@H](O)[C@H]2O)[C@@H](O)[C@H](O)[C@H]1O)c1ccccc1,-0.5100599752045554,XUCIJNAGGSZNQT
Nc1cc(N2CCCCC2)nc(N)[n+]1[O-],0.6968266119421708,ZFMITUMMTDLWHR
Nc1nc(N)c2nc(-c3ccccc3)c(N)nc2n1,1.830218414527002,FNYLWPVRPXGIIP
O=C(NCC[NH+]1CCOCC1)c1ccc(Cl)cc1,0.6036903312426541,YHXISWVBGDMDLQ
O=C1c2cccc3c2[C@H](CCC3)C[NH+]1[C@@H]1C[NH+]2CCC1CC2,-0.2939891605260547,CPZBLNMUGSZIPR
O=c1ccc2ccc(OCCCC[NH+]3CCN(c4cccc5sccc45)CC3)cc2[n-]1,-1.6496450592540262,ZKIAIYBUSXZPLP
[O-]c1ccc([C@@H](O)C[NH2+]CCCCCCOCCOCc2c(Cl)cccc2Cl)cc1CO,1.2327019438500746,DAFYYTQWSAWIGS
C#C[C@]1(O)CC[C@H]2[C@@H]3CCC4=Cc5oncc5C[C@]4(C)[C@H]3CC[C@@]21C,0.9047079643248186,POZRVZJJTULAOH
C=C(Br)C(=O)Nc1cc(C(=O)Nc2cc(C(=O)Nc3cc(C(=O)Nc4cc(C(=O)NCC[NH+]=C(N)N)n(C)c4)n(C)c3)n(C)c2)n(C)c1,0.16148015283728656,RXOVOXFAAGIKDQ
C=c1cc(C)[nH]c1=Cc1c(O)[nH]c2ccccc12,0.8279128352017681,JGIFSQPBZMIFQM
CC(=O)OCC1=C(C(=O)[O-])[NH+]2C(=O)C(NC(=O)CSc3ccncc3)[C@H]2SC1,-0.2688392969725913,UQLLWWBDSUHNEB
CC(C)(C(=O)[O-])c1ccc(C(=O)CCC[NH+]2CCC(OC(c3ccccc3)c3ccccc3)CC2)cc1,-1.5413436978143036,XGHOVGYJHWQGCC
CC(C)(ON=C(C(=O)NC1C(=O)[NH+]2C(C(=O)[O-])=C(C[n+]3ccccc3)CS[C@H]12)c1csc(N)n1)C(=O)[O-],-0.34732900371327197,ORFOPKXBNMVMKC
CC(C)Oc1ccccc1N1CC[NH+](Cc2cccc(C(=O)[NH+]3CCCCC3)c2)CC1,0.28189865437797823,ZKZFPRUSWCYSGT
CC1(C)S[C@@H]2C(/[NH+]=C/N3CCCCCC3)C(=O)[NH+]2C1C(=O)[O-],0.29579346370624643,BWWVAEOLVKTZFQ
CC1=[NH+]S(=O)(=O)c2cc(Cl)ccc2N1,-2.8055698271185805,GDLBFKVLRPITMI
CCC(C)CC(C)CCCCCCCCC(=O)NC1CC(O)C([NH2+]CC[NH3+])NC(=O)C2C(O)CC[NH+]2C(=O)C(C(O)CC[NH3+])NC(=O)C(C(O)C(O)c2ccc([O-])cc2)NC(=O)C2CC(O)C[NH+]2C(=O)C(C(C)O)NC1=O,-2.2409370664397428,JYIKNQVWKBUSNH
CCC1C(=O)N(C)c2cnc(Nc3ccc(C(=O)N[C@H]4CC[C@H]([NH+]5CC[NH+](CC6CC6)CC5)CC4)cc3OC)nc2[NH+]1C(C)C,0.7025962781921732,SXNJFOWDRLKDSF
CCCCCCC(C)(C)c1cc([O-])c2c(c1)OC(C)(C)[C@H]1CC=C(CO)C[C@H]21,1.1100623814248083,SSQJFGMEZBFMNV
CCCC[NH+]1CCCC1C(=O)Nc1c(C)cc(C)cc1C,1.0380476354297166,VEPZOLKTNZOTTQ
CCNC(=O)CCC/C=C\C[C@@H]1[C@@H](/C=C\[C@@H](O)CCc2ccccc2)[C@H](O)C[C@@H]1O,1.2142994094788564,AQOKCDNYWBIDND
CC[C@@H](C)[NH+](C)C(=O)c1cc2ccccc2c(-c2ccccc2Cl)n1,0.25207994047597626,RAVIZVQZGXBOQO
CC[NH+](CC)CC[NH+](Cc1ccc(-c2ccc(C(F)(F)F)cc2)cc1)C(=O)Cn1c(SCc2ccc(F)cc2)nc(=O)c2c1CCC2,0.011159587765809227,WDPFJWLDPVQCAJ
CCc1nn(CCC[NH+]2CCN(c3cccc(Cl)c3)CC2)c(=O)n1CCOc1ccccc1,0.41198121646685626,VRBKIVRKKCLPHA
CO/N=C1\CN(c2nc3c(cc2F)c(=O)c(C(=O)[O-])cn3C2CC2)CC1C[NH3+],0.3847777540954834,ZRCVYEYHRGVLOC
COC1=C2C(C)[C@@H](OC(=O)C(O)C(NC(=O)OC(C)(C)C)c3ccccc3)C[C@@](O)([C@@H](OC(=O)c3ccccc3)[C@@H]3[C@]4(OC(C)=O)CO[C@@H]4C[C@H](OC)[C@@]3(C)C1=O)C2(C)C,0.6672043001309028,SUOGUKJEXYJHTD
CON=C(C(=O)NC1C(=O)[NH+]2C(C(=O)[O-])=C(CSc3nc(C)c(CC(=O)[O-])s3)CS[C@H]12)c1csc(N)n1,-1.2601298769343885,XDZKBRJLTGRPSS
CO[C@@]1(NC(=O)C(C(=O)[O-])c2ccc([O-])cc2)C(=O)[NH+]2C(C(=O)[O-])=C(CSc3nnnn3C)CO[C@@H]21,-1.1496471967252722,JWCSIUVGFCSJCK
COc1cc([C@@H]2c3cc4c(cc3[C@@H](O[C@@H]3O[C@@H]5CO[C@@H](c6cccs6)O[C@H]5[C@H](O)[C@H]3O)[C@H]3COC(=O)C23)OCO4)cc(OC)c1[O-],-2.037433089965704,NRUKOCRGYNPUPR
COc1ccc(CC(NC(=O)CC(C)(C)[NH3+])C(=O)NC(Cc2c[n-]cn2)C(=O)N[C@@H](CC2CCCCC2)[C@@H](O)[C@@H](O)CC(C)C)cc1,-1.4628539910736231,BVNKZSWMRUPITL
COc1ccc(Cl)cc1C(=O)NCCc1ccc(S(=O)(=O)[N-]C(=O)[NH2+]C2CCCCC2)cc1,-1.0629807948956473,LGAKZQBLEAFCQV
COc1cccc2c1C(=N)c1c([O-])c3c(c([O-])c1C2=O)C[C@@](O)(C(=O)CO)C[C@@H]3O[C@H]1C[C@H]([NH3+])[C@H](O)[C@H](C)O1,0.8738891527591326,UNNWAMSRSUVXCZ
CSCCC([NH3+])C(=O)NC(CCC(=O)[O-])C(=O)NC(Cc1cnc[n-]1)C(=O)NC(Cc1ccccc1)C(=O)NC(CCC[NH+]=C(N)N)C(=O)NC(Cc1c[nH]c2ccccc12)C(=O)NCC(=O)[O-],3.580502593331661,PXCOJYXHCADOCU
C[C@@H](O)C1C(=O)[NH+]2C(C(=O)[O-])=C([C@H]3CCCO3)S[C@H]12,-0.3962869472247975,HGGAKXAHAYOLDJ
C[C@@H]([NH2+]CCc1ccc([O-])cc1)[C@@H](O)c1ccc([O-])cc1,1.357647974139511,IOVGROKTTNBUGK
C[C@H]1[NH2+]Cc2cc(-c3ccc4c(=O)c(C(=O)[O-])cn(C5CC5)c4c3OC(F)F)ccc21,-0.7927819733791687,NJDRXTDGYFKORP
C[NH+](C)CCC=C1c2ccccc2CCc2ccccc21,0.2742950738863669,KRMDCWKBEZIMAB
C[NH+]1CC(C(=O)N[C@]2(C)O[C@@]3(O)[C@@H]4CCC[NH+]4C(=O)C(Cc4ccccc4)[NH+]3C2=O)C=C2c3cccc4[nH]cc(c34)C[C@H]21,0.8738891527591326,XCGSFFUVFURLIX
C[NH2+][C@@H]1C[C@H]2OC(C)([C@@H]1OC)n1c3ccccc3c3c4c(c5c6ccccc6n2c5c31)C(=O)N[C@@H]4O,-4.6621465695326005,PBCZSGKMGDDXIJ
Cc1cc(F)ccc1[C@H]1C[NH2+]CC[NH+]1C(=O)[NH+](C)[C@H](C)c1cc(C(F)(F)F)cc(C(F)(F)F)c1,0.1536707788281331,SBBYBXSFWOLDDG
Cc1ccc(S(=O)(=O)[N-]C(=O)[N-]N2C[C@H]3CCC[C@@H]3C2)cc1,-1.524888731187924,NOKNYHMNLQMORY
Cc1cnc(C(=O)NC2CCCCC/C=C\[C@@H]3C[C@@]3(C(=O)[N-]S(=O)(=O)C3CC3)NC(=O)C3C[C@@H](Oc4nc5ccccc5c5ccccc45)C[NH+]3C2=O)cn1,0.2337587235919457,SSKCBRRJZJCFKC
Cc1onc(-c2ccccc2)c1-c1ccc(S(N)(=O)=O)cc1,-0.7065121156189874,LNPDTQAFDNKSHK
N#C[C@H]1CC2C[C@H]2[NH+]1C(=O)C([NH3+])C12CC3CC(CC(O)(C3)C1)C2,0.37545743029092327,QGJUIPDUBHWZPV
NC(=O)c1ncn([C@@H]2O[C@H](CO)[C@@H](O)[C@H]2O)n1,0.16791877576622197,IWUCXVSUMQZMFG
Nc1ccn([C@@H]2CO[C@H](CO)S2)c(=O)n1,-0.02379033900957611,RYMCFYKJDVMSIR
O=C(NCC[NH2+]CC(O)COc1ccc([O-])cc1)[NH+]1CCOCC1,-0.19862786176934624,DXPOSRCHIDYWHW
O=C([O-])C1C[C@@H](C2CCCCC2)C[NH+]1C(=O)CP(=O)([O-])CCCCc1ccccc1,-1.6900448397582293,WOIWWYDXDVSWAZ
O=C1CN=C(c2ccccn2)c2cc(Br)ccc2N1,-1.3794462377375476,VMIYHDSEFNYJSL
O=P([O-])([O-])C([NH2+]C1CCCCCC1)P(=O)([O-])[O-],-0.417540438916517,LWRDQHOZTAOILO
O=c1[n-]cc(F)c(=O)[n-]1,1.2404357902947007,GHASVSINZRGABV
OCC[NH+]1CC[NH+](CC/C=C2/c3ccccc3Sc3ccc(C(F)(F)F)cc32)CC1,0.016006098502723425,NJMYODHXAKYRHW
S=P([NH+]1CC1)([NH+]1CC1)[NH+]1CC1,0.3368151689303796,FOCVUCIESVLUNU
[NH3+]CCCCC(NC(=O)C(Cc1cc(Br)c([O-])c(Br)c1)NC(=O)[NH+]1CCC([NH+]2Cc3ccccc3NC2=O)CC1)C(=O)[NH+]1CCN(c2ccncc2)CC1,-0.2939891605260547,ITIXDWVDFFXNEG
[O-]c1ccc([C@H]2C[NH2+]CCc3c2cc([O-])c([O-])c3Cl)cc1,1.5520387516449685,TVURRHSHRRELCG
