smiles,value,ik
C=CCOc1ccccc1OC[C@H](O)C[NH2+]C(C)C,0.32586379033179275,CEMAWMOMDPGJMB
CC(=O)C(C#N)C(=O)Nc1ccc(C(F)(F)F)cc1,-1.255377335296598,NABQBYDEMLGCEO
CC(C)(C)[N+](O)=Cc1ccc(S(=O)(=O)[O-])cc1S(=O)(=O)[O-],0.9433933134031287,DOZMLEONWYXOHJ
CC(C)C[C@H](NC(=O)CNC(=O)c1cc(Cl)ccc1Cl)B(O)O,-1.255377335296598,MXAYKZJJDUDWDS
CC(C)[NH2+]CC(O)c1cc([O-])cc([O-])c1,1.1611387340025716,LMOINURANNBYCM
CCCCCCCCc1ccc(CCC([NH3+])(CO)CO)cc1,-2.1196877979324236,KKGQTZUTZRNORY
CC[NH+](CC)CCNC(=O)c1cc(Cl)c(N)cc1OC(C)C(C)=O,0.8007037294656055,ZYOJXUNLLOBURP
CN(C(=O)CO)c1c(I)c(C(=O)NC[C@H](O)CO)c(I)c(C(=O)NC[C@H](O)CO)c1I,1.217720100284692,NJKDOADNQSYQEV
COCC(NC(C)=O)C(=O)NCc1ccccc1,1.1304431633764145,VPPJLAIAVCUEMN
COC[C@@H](O)CN(C(C)=O)c1c(I)c(C(=O)NC[C@H](O)CO)c(I)c(C(=O)NC[C@H](O)CO)c1I,1.217720100284692,IUNJANQVIJDFTQ
COc1ccc(OC)c([C@H](O)CNC(=O)C[NH3+])c1,1.0261762802810634,PTKSEFOSCHHMPD
CS(=O)(=O)c1ccc([C@@H](O)[C@@H](COC(=O)C[NH3+])NC(=O)C(Cl)Cl)cc1,0.514573691966189,AMGKHLVPQHMHGQ
Cc1ccc(C(C[NH3+])CC(=O)[O-])cc1,1.0184491500650485,MSZRPURXKHMSFF
O=P([O-])([O-])C(Sc1ccc(Cl)cc1)P(=O)([O-])[O-],-0.01882861750595301,DKJJVAGXPKPDRL
[NH3+]CCc1ccc([O-])c([O-])c1,1.1429327096592248,VYFYYTLLBUKUHU
Cc1[nH]c2ccccc2c1CC[NH2+]Cc1ccc(/C=C/C(O)=NO)cc1,-0.01882861750595301,FPOHNWQLNRZRFC
OCC[NH+](CCc1c[nH]c2ccccc12)Cc1ccc(/C=C/C(O)=NO)cc1,0.42846547431078624,BWDQBBCUWLSASG
C=C1C[C@@H]2CC[C@@]34C[C@H]5O[C@H]6[C@@H](O3)[C@H]3O[C@H](CC[C@@H]3O[C@H]6[C@H]5O4)CC(=O)O[C@@H]3[C@@H](OC)[C@@H](C[C@H](O)C[NH3+])O[C@H]3C[C@H]3O[C@@H](CC[C@@H]1O2)C[C@@H](C)C3=C,0.764485989001805,VEPHOPLDBFLPDL
CC(=O)O[C@@]12CO[C@@H]1C[C@H](O)[C@@]1(C)C(=O)C(=O)C3C(C)[C@@H](OC(=O)C(O)C(NC(=O)OC(C)(C)C)c4ccccc4)C[C@@](O)([C@@H](OC(=O)c4ccccc4)[C@H]21)C3(C)C,-0.5109008249869591,ROQZUJKOMJECOM
CC(C)(C(=O)[O-])c1ccc(C(=O)CCC[NH+]2CCC(OC(c3ccccc3)c3ccccc3)CC2)cc1,-0.39106687266077245,XGHOVGYJHWQGCC
CC(C)COC[C@@H](CN(Cc1ccccc1)c1ccccc1)[NH+]1CCCC1,-2.491926053087243,UIEATEWHFDRYRU
CC1(C)C(/C=C\C=C\C=C\C=C2/N(CCCCS(=O)(=O)[O-])c3ccc4ccccc4c3C2(C)C)=[N+](CCCCS(=O)(=O)[O-])c2ccc3ccccc3c21,-0.39106687266077245,BDBMLMBYCXNVMC
CCCC=c1ncc(=CC(Cc2cccs2)C(=O)[O-])n1Cc1ccc(C(=O)[O-])cc1,-0.970416017050056,OLWGWPVIWQZCDJ
CCC[NH+](CCc1cccs1)[C@H]1CCc2c([O-])cccc2C1,-0.13866256983213995,KFQYTPMOWPVWEJ
CCOC(=O)C(CCc1ccccc1)[NH2+]C(C)C(=O)[NH+]1Cc2cc(OC)c(OC)cc2CC1C(=O)[O-],0.07908285076730298,UWWDHYUMIORJTA
CC[C@@]1(O)C[C@H](O[C@@H]2C[C@H]([NH+]3CCOCC3)[C@H](O)[C@H](C)O2)c2c([O-])c3c(c([O-])c2[C@H]1O)C(=O)c1cccc([O-])c1C3=O,-0.07540998378807352,OPBPMGYBSDKJBT
CNC1=[NH+]c2ccc(Cl)cc2C(c2ccccc2)=[N+](O)C1,-0.33020638983576833,BUCORZSTKDOEKQ
CON=C(C(=O)NC1C(=O)[NH+]2C(C(=O)[O-])=C(CSc3cnns3)CS[C@H]12)c1csc(N)n1,0.07908285076730298,CXHKZHZLDMQGFF
COc1c(N2CCC/C(=C(\F)C[NH3+])C2)c(F)cc2c(=O)c(C(=O)[O-])cn(C3CC3)c12,0.6383709558954082,VMKVDAAFMQKZJS
COc1ccc(CC(NC(=O)CC(C)(C)[NH3+])C(=O)NC(Cc2c[n-]cn2)C(=O)N[C@@H](CC2CCCCC2)[C@@H](O)[C@@H](O)CC(C)C)cc1,-0.2103724375095814,BVNKZSWMRUPITL
COc1ccccc1OC[C@H](O)C[NH+]1CC[NH+](CC(=O)Nc2c(C)cccc2C)CC1,0.6981020454866123,XKLMZUWKNUAPSZ
C[C@@H]1C[C@H]2[C@@H]3C[C@H](F)C4=CC(=O)C=C[C@]4(C)[C@H]3[C@@H](O)C[C@]2(C)C1C(=O)CO,-0.5109008249869591,GAKMQHDJQHZUTJ
C[NH+](C)CCCO[C@@H]1[C@H]2OC(C)(C)O[C@H]2O[C@@H]1[C@H](O)CO,1.2013627052530231,YXBQLONCIPUQKO
C[NH+]1CC[C@]23c4c5ccc([O-])c4O[C@H]2[C@@H](O[C@@H]2OC(C(=O)[O-])[C@@H](O)[C@H](O)[C@H]2O)C=C[C@H]3[C@H]1C5,1.002653120572914,GNJCUHZOSOYIEC
Cc1cc(C)c2c(c1)[C@@H]([NH+](Cc1cc(C(F)(F)F)cc(C(F)(F)F)c1)c1nnn(C)n1)CCCN2CC1CCC(C(=O)[O-])CC1,-2.491926053087243,IHIUGIVXARLYHP
Cc1ccccc1-c1cc(N2CC[NH+](C)CC2)ncc1N(C)C(=O)C(C)(C)c1cc(C(F)(F)F)cc(C(F)(F)F)c1,-1.9019423773329804,WAXQNWCZJDTGBU
Cn1c(=N)c(NC(=O)NCC[NH3+])cn1CC1=C(C(=O)[O-])[NH+]2C(=O)C(=NC(=O)C(NOC(C)(C)C(=O)[O-])c3nsc(N)n3)[C@H]2SC1,1.1045573677204512,MBOIRYNXCZKSGU
N/N=c1\[n-]ncc2ccccc12,0.07908285076730298,CCEGPWRZSICLSD
O=C(/C=C/c1ccc([O-])c2c1C(C(=O)OC(Cc1ccc([O-])c([O-])c1)C(=O)[O-])[C@@H](c1ccc([O-])c([O-])c1)O2)OC(Cc1ccc([O-])c([O-])c1)C(=O)[O-],-0.13866256983213995,SNKFFCBZYFGCQN
O=C([O-])C1O[C@@H](Oc2cc3oc(-c4ccc([O-])cc4)cc(=O)c3c([O-])c2[O-])[C@H](O)[C@@H](O)[C@@H]1O,-0.01882861750595301,DJSISFGPUUYILV
O=C1NC(c2ccccc2)(c2ccccc2)C(=O)[NH+]1COP(=O)([O-])[O-],-0.39106687266077245,XWLUWCNOOVRFPX
O=c1[n-]c(O)cn1/N=C/c1ccc([N+](=O)[O-])o1,0.26613270074058887,SRBLIRXITMQCOS
[O-]c1c(C2=CC[C@@H](c3ccc(Cl)cc3)CC2)c(O)c2ccccc2c1O,-2.491926053087243,JAUORDHNHDCTAS
CC(C(=O)[O-])c1ccc2c(c1)[nH]c1ccc(Cl)cc12,-2.491926053087243,PUXBGTOOZJQSKH
CCCn1c(=O)[n-]c(=O)c2nc[n-]c21,0.8966659168881876,YDPQCZQZTQLWCZ
CN(CCOc1ccc(Cc2sc(=O)[n-]c2O)cc1)c1ccccn1,-2.1196877979324236,HYYTYVGJWRWHHQ
COc1cc2c(cc1[O-])CC[NH2+][C@]21CS[C@@H]2c3c(OC(C)=O)c(C)c4c(c3[C@H](COC1=O)[NH+]1[C@@H]2[C@H]2c3c(cc(C)c(OC)c3[O-])C[C@@H]([C@@H]1O)[NH+]2C)OCO4,-0.2931554043875163,PKVRCIRHQMSYJX
C[C@@]12CCCCC[C@@H](Cc3ccc([O-])cc31)[C@@H]2[NH3+],-0.13866256983213995,VTMVHDZWSFQSQP
C[NH2+]CC[C@H](Oc1cccc2ccccc12)c1cccs1,-0.5109008249869591,ZEUITGRIYCTCEM
Cc1cccc(Nc2ccncc2S(=O)(=O)[N-]C(=O)[NH2+]C(C)C)c1,-1.255377335296598,XNPQAJPIVCYYJY
Cn1cncc1[C@@]([NH3+])(c1ccc(Cl)cc1)c1ccc2c(c1)c(-c1cccc(Cl)c1)cc(=O)n2C,-1.529704122178161,PLHJCIYEEKOWNM
NC(=O)[NH+]1C(=O)C(C(=O)c2cccs2)c2cc(Cl)ccc21,-1.255377335296598,IGPDWKCUDHIIRL
O=C1NC(=O)C(c2cn3ccccc3n2)=C1C1=C[NH+]2CC[NH+](C(=O)[NH+]3CCCCC3)C[C@@H]3C=C(F)C=C1[C@H]32,-0.8831390801417786,UWVKPGBFIFWUKH
C#CCN(Cc1cc2c(=O)nc(C)[n-]c2cc1C)c1ccc(C(=O)NC(CCc2nnn[n-]2)C(=O)[O-])c(F)c1,-1.255377335296598,YSAOIOBNLKRLOE
CC#C[C@]1(O)CC[C@H]2C3=C(C4=C(CC3)CC(=O)CC4)C(c3ccc(N(C)C)cc3)C[C@@]21C,-0.8831390801417786,BHZCGCMWEVHUBA
CC(C)C[NH+](C[C@@H](O)[C@H](Cc1ccccc1)NC(=O)O[C@H]1CO[C@H]2OCC[C@H]21)S(=O)(=O)c1ccc(N)cc1,-0.39106687266077245,CJBJHOAVZSMMDJ
CC1(C)S[C@@H]2C(NC(=O)C(NC(=O)NC(N)=[NH2+])c3ccccc3)C(=O)[NH+]2C1C(=O)[O-],1.0978861479585054,GIPLLNWRTXVAHM
CCC1=C(C)C[NH+](C(=O)NCCc2ccc(S(=O)(=O)[N-]C(=O)[NH2+][C@H]3CC[C@H](C)CC3)cc2)C1=O,-1.6276155904514173,OYBFYGOUEFZYBD
CCNC(=O)C1C[C@@H](n2ccc3c([NH2+][C@H](CC)Cc4sccc4Cl)ncnc32)[C@H](O)[C@@H]1O,-0.6653936595423358,CKQOOYMMAAPDKH
CCOc1nc2cccc(C(=O)[O-])c2n1Cc1ccc(-c2ccccc2-c2nnn[n-]2)cc1,-2.1196877979324236,BSLSLQSFLOCXQQ
COC(=O)Nc1nc2cc(C(=O)c3ccccc3)ccc2[n-]1,-0.09982447363402082,CVHJIACXRVJKCH
COCC(=O)O[C@]1(CC[NH+](C)CCCc2nc3ccccc3[n-]2)CCc2cc(F)ccc2[C@@H]1C(C)C,-1.6276155904514173,QBXRKUKDJCCYQX
COc1cc([S+](C)O)ccc1-c1nc2cnccc2[n-]1,0.8235593610769417,DFXNTMSPOLVEQB
C[C@@H]1C[C@@H]2[C@@H]3CC=C4CC(=O)C=C[C@]4(C)C3=CC[C@]2(C)C1C(=O)C[NH+]1CCN(c2cc(N3CCCC3)nc(N3CCCC3)n2)CC1,-1.529704122178161,NSTCAXPRTTYSFG
C[N+]1(CC2CC2)CC[C@]23c4c5ccc([O-])c4OC2C(=O)CC[C@@]3(O)[C@H]1C5,1.1429327096592248,JVLBPIPGETUEET
Cc1cc(NC(=O)C2C(=O)c3ccccc3S(=O)(=O)[NH+]2C)no1,-0.5826106926644008,SPTMROWPYQRZSX
Cc1cnc(C(=O)NCCc2ccc(S(=O)(=O)[N-]C(=O)[NH2+]C3CCCCC3)cc2)cn1,-0.8831390801417786,HYGPFLCBGJFWEL
NC(=[NH2+])NCCCNC(=O)C1CCCC[NH+]1C(=O)C(CC1CCCCC1)[NH2+]CC(=O)[O-],1.0703403006414316,CDPROXZBMHOBTQ
Nc1nc(CC(=O)Nc2ccc(CC[NH2+]C[C@H](O)c3ccccc3)cc2)cs1,0.5529490339049625,PBAPPPCECJKMCM
O=C1CCC(C(=O)[NH+]2CSCC2C(=O)[O-])N1,1.1957976162317612,UUTKICFRNVKFRG
OCc1ncc2n1-c1ccc(Cl)cc1C(c1ccccc1F)=NC2,-0.01882861750595301,QHSMEGADRFZVNE
CC(=O)NCCCS(=O)(=O)[O-],1.217720100284692,AFCGFAGUEYAMAO
CC(C)(S)C([NH3+])C(=O)[O-],0.07908285076730298,VVNCNSJFMMFHPL
CC(S)C(=O)NCC(=O)[O-],0.7889004788477523,YTGJWQPHMWSCST
CCCCNC(=[NH2+])NC(N)=[NH2+],1.1611387340025716,XSEUMFJMFFMCIU
C[N+](C)(C)C[C@H](O)CC(=O)[O-],1.217720100284692,PHIQHXFUZVPYII
O=C([O-])CO,1.1240877485543195,AEMRFAOFKBGASW
O=P([O-])([O-])C(Cl)(Cl)P(=O)([O-])[O-],0.9780521956323183,ACSIXWWBWUQEHA
O=[N+]([O-])OCC(CO[N+](=O)[O-])O[N+](=O)[O-],0.7256478928036857,SNIOPGDIGTZGOP
[NH3+]CC(=O)CCC(=O)[O-],1.14907021971682,ZGXJTSGNIOSYLO
[NH3+]CCC(O)(P(=O)([O-])[O-])P(=O)([O-])[O-],1.0261762802810634,WRUUGTRCQOWXEG
[NH3+]CCCC(O)(P(=O)([O-])[O-])P(=O)([O-])[O-],0.4045937094071814,OGSPWJRAVKPPFI
COc1cc2c3cc1Oc1cc(ccc1[O-])C[C@@H]1c4c(cc(OC)c([O-])c4Oc4ccc(cc4)C[C@@H]3[NH+](C)CC2)CC[N+]1(C)C,0.925187289059782,JFJZZMVDLULRGK
COc1ccc2cc1Oc1cc3c(cc1OC)CC[N+](C)(C)[C@H]3Cc1ccc(cc1)Oc1c(OC)c(OC)cc3c1[C@@H](C2)[N+](C)(C)CC3,0.9863783513256593,JFXBEKISTKFVAB
C[C@]12CC[C@@H]3c4ccc(OC(=O)[NH+](CCCl)CCCl)cc4CC[C@H]3[C@@H]1CC[C@@H]2OP(=O)([O-])[O-],0.8454818451298726,ADFOJJHRTBFFOF
C[C@]12CC[C@@H]3c4ccc([O-])cc4C[C@H](CCCCCCCCC[S+](O)CCCC(F)(F)C(F)(F)F)C3[C@@H]1CC[C@@H]2O,-1.255377335296598,SHDRLYFPFHJQCU
O=C1N=C(c2ccccc2)c2cc(Cl)ccc2NC1O,-0.5109008249869591,AQKCJDFMDAPELP
O=C1N=C(c2ccccc2Cl)c2cc(Cl)ccc2NC1O,-0.07540998378807352,KEGIXQQRZWCAMW
C=CCNc1nc(NCC=C)nc(N2CC[NH+](C(c3ccc(F)cc3)c3ccc(F)cc3)CC2)n1,-1.255377335296598,OBDOVFRMEYHSQB
CC(=O)O[C@H]1C[C@@H]2CC[C@@H]3[C@H](CC[C@@]4(C)[C@H]3C[C@H]([N+]3(C)CCCCC3)[C@@H]4OC(C)=O)[C@@]2(C)C[C@@H]1[NH+]1CCCCC1,0.4732435899750532,BGSZAXLLHYERSY
CC(C)(C)C(NC(=O)C(CC1CCCC1)CN(O)C=O)C(=O)[NH+]1CC[NH+](Cc2ccc3c(c2)OCO3)CC1,0.3534096376488664,IBEANEPZNLVRRY
CC(C)Oc1ccccc1N1CC[NH+](Cc2cccc(C(=O)[NH+]3CCCCC3)c2)CC1,-1.204193263538283,ZKZFPRUSWCYSGT
CC1(C)CC1C(=O)N=C(CCCCCSCC([NH3+])C(=O)[O-])C(=O)[O-],0.9433933134031287,UUNQYGUCVSFAME
CCCCC1=[NH+]C2(CCCC2)C(=O)N1Cc1ccc(-c2ccccc2-c2nnn[n-]2)cc1,-0.01882861750595301,YZTMOTXOTDTVTA
CCC[NH2+]C(C)C(=O)Nc1c(C)csc1C(=O)OC,0.8007037294656055,QTGIAADRBBLJGA
CCOC(=O)C1=C[C@]2(CC)CCC[NH+]3CCc4c(n1c1ccccc41)[C@@H]32,-0.8831390801417786,DDNCQMVWWZOMLN
CC[C@@]1(O)C[NH+]2CC[C@H]1C[C@@H]2[C@@H](O)c1ccnc2ccc(OC)cc12,0.8122531269542974,QJYVSAYVZYKUJL
COC(=O)C1[C@@H](O)CC[C@H]2C[NH+]3CCc4c([nH]c5ccccc45)[C@@H]3C[C@@H]12,0.3534096376488664,BLGXFZZNTVWLAY
CON=C(C(=O)NC1C(=O)[NH+]2C(C(=O)[O-])=C(CSc3nnnn3C)CS[C@H]12)c1csc(N)n1,0.5887640549762563,HJJDBAOLQAWBMH
COc1cc(C2c3cc4c(cc3C(OC3OC5COC(C)OC5C(O)C3[NH+](C)C)C3COC(=O)C23)OCO4)cc(OC)c1[O-],-1.1144808291008117,ZKSNZYLCOXUJIR
COc1ccc(CC[NH+](C)CCC[C@](C#N)(c2cc(OC)c(OC)c(OC)c2)C(C)C)cc1OC,-0.2103724375095814,XQLWNAFCTODIRK
CS(=O)(=O)N(CCO)c1c(Cl)c(Cl)cc2[n-]c(=O)c(=O)[n-]c12,0.1220678886898338,SKPPMUTYNNTSEH
C[C@@H]1C[C@H]2[C@H]3CC=C4CC(=O)C=C[C@]4(C)[C@@]3(Cl)[C@@H](O)C[C@]2(C)[C@@]1(OC(=O)c1ccco1)C(=O)CCl,-1.255377335296598,DQTQVEGUWIUSSO
C[NH+](C)CCO[C@]1(c2ccccc2)C[C@H]2CC[C@]1(C)C2(C)C,-0.39106687266077245,QOBGWWQAMAPULA
C[NH2+][C@@H]1[C@@H](O)[C@@H](O[C@@H]2[C@@H](O)[C@H](O[C@H]3OC(C[NH2+]CCO)=CC[C@H]3[NH3+])[C@@H]([NH3+])C[C@H]2NC(=O)C(O)CC[NH3+])OC[C@]1(C)O,1.1240877485543195,IYDYFVUFSPQPPV
Cc1ccc(Nc2nccc(N(C)c3ccc4c(C)n(C)nc4c3)n2)cc1S(N)(=O)=O,-1.255377335296598,CUIHSIWYWATEQL
Cc1cnc(C(=O)NC2CCCCC/C=C\[C@@H]3C[C@@]3(C(=O)[N-]S(=O)(=O)C3CC3)NC(=O)C3C[C@@H](Oc4nc5ccccc5c5ccccc45)C[NH+]3C2=O)cn1,-0.8319550083834637,SSKCBRRJZJCFKC
Cn1nnc(-c2ccc(-c3ccc(N4C[C@H](CO)OC4=O)cc3F)cn2)n1,0.03235545425236201,XFALPSLJIHVRKE
NC(=O)N1c2ccccc2CC(O)c2ccccc21,1.0261762802810634,BMPDWHIDQYTSHX
O=C(/C=C/c1ccc([O-])cc1)C1=C([O-])[C@](O)([C@@H]2O[C@H](CO)[C@@H](O)[C@H](O)[C@H]2O)C([O-])=C([C@@H]2O[C@H](CO)[C@@H](O)[C@H](O)[C@H]2O)C1=O,0.4045937094071814,LIPJRCGLQNIXGO
O=C([O-])CCCCON=C(c1cccnc1)c1cccc(C(F)(F)F)c1,-0.6142095877840206,GLLPUTYLZIKEGF
O=C1O[C@H]([C@@H](O)CO)C([O-])C1=O,0.4943061438446531,IHNDCQWMVHAOKM
O=c1ccc2ccccc2o1,0.26613270074058887,ZYGHJZDHTFUPRJ
[O-]c1cccc(-c2c3nc(c(-c4cccc([O-])c4)c4ccc([nH]4)c(-c4cccc([O-])c4)c4ccc([nH]4)c(-c4cccc([O-])c4)c4nc2CC4)C=C3)c1,0.16186581764523789,KSXLETNRCMCRAQ
CC(C)([NH3+])CC(=O)NC1CCc2ccccc2N(Cc2ccc(-c3ccccc3-c3nnn[n-]3)cc2)C1=O,-0.2931554043875163,BCDQJEIWMPKATR
CCCn1c(=O)c2[n-]c(C34CCC(CCC(=O)[O-])(CC3)CC4)nc2n(CCC)c1=O,-0.01882861750595301,ORNLWEWNNHAJHV
CO[C@@H]1[C@@H](O[C@@H]2O[C@H](C)[C@@H](O[C@H]3C[C@@](C)(O)[C@@H](O)[C@H](C)O3)[C@H]([NH+](C)C)[C@H]2O)[C@@H](CC=O)C[C@@H](C)[C@@H](O[C@H]2CC[C@@H]([NH+](C)C)[C@H](C)O2)C=CC=CC[C@@H](C)OC(=O)C[C@H]1O,0.4943061438446531,ACTOXUHEUCPTEW
COc1ccc(-c2nc3cc(C4=N[N-]C(=O)CC4C)ccc3[n-]2)cc1,-0.7852276118685227,UFNMHMKSMBUANO
C[C@H](Cc1cc2c(c(C(N)=O)c1)N(CCCO)CC2)[NH2+]CCOc1ccccc1OCC(F)(F)F,-0.39106687266077245,PNCPYILNMDWPEY
C[n+]1ccccc1C=NO,1.217720100284692,JBKPUQTUERUYQE
Cc1nc(=O)c(C#N)c(NCc2cccnc2)[n-]1,-0.39106687266077245,NZXHFDXOCVIYLO
N#Cc1c(N2C[C@@H]3[NH2+]CCO[C@H]3C2)c(F)cc2c(=O)c(C(=O)[O-])cn(C3CC3)c12,1.0632272657293156,FYMHQCNFKNMJAV
NC(=O)c1csc([C@@H]2O[C@H](CO)[C@@H](O)[C@H]2O)n1,0.8122531269542974,FVRDYQYEVDDKCR
OC(c1ccccc1)(c1ccccc1)C12CC[N+](CCOCc3ccccc3)(CC1)CC2,0.03235545425236201,FVTWTVQXNAJTQP
C/C(=C\c1csc(C)n1)[C@@H]1C[C@@H]2O[C@]2(C)CCC[C@H](C)[C@H](O)C(C)C(=O)C(C)(C)[C@@H](O)CC(=O)O1,0.4045937094071814,QXRSDHAAWVKZLJ
CC(C)(C)OC(=O)NC1CCCCC/C=C\[C@@H]2C[C@@]2(C(=O)[N-]S(=O)(=O)C2CC2)NC(=O)C2C[C@@H](OC(=O)[NH+]3Cc4cccc(F)c4C3)C[NH+]2C1=O,-0.8831390801417786,DEGZUUNHZMOMRT
CC(C)[N+]1(C)[C@@H]2CC[C@H]1CC(OC(=O)C(CO)c1ccccc1)C2,1.1901742529676185,OEXHQOGQTVQTAT
CC1=[NH+]C(=O)[C@](CC[NH+](C(C)C)C(C)C)(c2ccccc2)[C@H]2CCCCN12,1.0261762802810634,QAHRRCMLXFLZTF
CCCCC(=O)[NH+](Cc1ccc(-c2ccccc2-c2nnn[n-]2)cc1)C(C(=O)[O-])C(C)C,-0.5109008249869591,PFBBFBWIKFELAX
CCOC(=O)C(CCc1ccccc1)[NH2+]C(C)C(=O)[NH+]1C(C(=O)[O-])C[C@H]2CCCC[C@H]21,0.26613270074058887,VXFJYXUZANRPDJ
CC[NH+](CC)CCOC(=O)C(Cc1cccc2ccccc12)CC1CCCO1,0.3534096376488664,KBAFPSLPKGSANY
COC(=O)c1ccc2c(C(=Nc3ccc(N(C)C(=O)C[NH+]4CC[NH+](C)CC4)cc3)c3ccccc3)c(O)[nH]c2c1,-0.8831390801417786,CPMDPSXJELVGJG
COCCC[NH+]1CCC(NC(=O)c2cc(Cl)c(N)c3c2OCC3)CC1,1.0261762802810634,ZPMNHBXQOOVQJL
COc1ccc2cc1Oc1ccc(cc1)C[C@H]1c3cc(c(OC)cc3CC[NH+]1C)Oc1c(OC)c(OC)c(Br)c3c1[C@H](C2)[NH+](C)CC3,0.4045937094071814,ANJMFZGRGHQXMA
C[C@@H]1C[NH+](C2CCC(C#N)(c3ccc(F)cc3)CC2)CC[C@]1(C(=O)[O-])c1ccccc1,0.7924687729377619,ZCGOMHNNNFPNMX
C[NH+](C)CCCOc1nn(Cc2ccccc2)c2ccccc12,1.0978861479585054,CNBGNNVCVSKAQZ
Cc1ccc(Sc2ccccc2N2CC[NH2+]CC2)c(C)c1,-0.8831390801417786,YQNWZWMKLDQSAC
Clc1ccc(COC(Cn2ccnc2)c2ccc(Cl)cc2Cl)c(Cl)c1,-0.13866256983213995,BYBLEWFAAKGYCD
NC(=[NH2+])c1ccc(OCCCCCOc2ccc(C(N)=[NH2+])cc2)cc1,-0.07540998378807352,XDRYMKDFEDOLFX
O=C(NC1CC[NH+](CCCCC2(C(=O)NCC(F)(F)F)c3ccccc3-c3ccccc32)CC1)c1ccccc1-c1ccc(C(F)(F)F)cc1,-2.1196877979324236,MBBCVAKAJPKAKM
O=c1[n-]c2ccccc2n1CCC[NH+]1CCC(n2c(=O)[n-]c3cc(Cl)ccc32)CC1,-0.12540198783218337,NMUVIEAOYWSTGM
[NH3+]C(C(=O)NC1C(=O)[NH+]2C(C(=O)[O-])=C(CSc3c[n-]nn3)CS[C@H]12)c1ccc([O-])cc1,0.7256478928036857,OWMZGPOAFXENJG
COCCCOc1ccnc(C[S+](O)c2nc3ccccc3[n-]2)c1C,-0.5527682219551214,LKQSVGARAMZJHW
COc1ccc2[n-]c([S+](O)Cc3ncc(C)c(OC)c3C)nc2c1,-0.39106687266077245,QOFAHZLHNNZSDW
COc1ccnc(C[S+](O)c2nc3ccc(OC(F)F)cc3[n-]2)c1OC,-0.8831390801417786,BAWFOUUZISIBNG
Cc1c(OCC(F)(F)F)ccnc1C[S+](O)c1nc2ccccc2[n-]1,-0.8569374795459641,VUMWDAKRMSFXHU
CCn1cnc(C(=O)NC)c1C(=O)NC,1.172941984620425,RYRFAMRQBZNEPX
Cc1ncc([N+](=O)[O-])n1C[C@H](O)CCl,1.14907021971682,IPWKIXLWTCNBKN
O=P([O-])([O-])C(O)(Cn1ccnc1)P(=O)([O-])[O-],1.0842898195989155,XRASPMIURGNCCH
CC(=O)Nc1ccc(C2=N[N-]C(=O)CC2C)cc1,0.7256478928036857,FVGOLFVMXQCVIE
CC1CC(=O)[N-]N=C1c1ccc(NN=C(C#N)C#N)cc1,-0.8831390801417786,YZLHWEZEYCXULW
CCC(C(N)=O)[NH+]1CCCC1=O,1.1611387340025716,HPHUVLMMVZITSG
CCC[C@@H]1CC(=O)[NH+](C(CC)C(N)=O)C1,1.1144113374876305,MSYKRHVOOPPJKU
COc1ccccc1Oc1c(NS(=O)(=O)c2ccc(C(C)C)cn2)nc(-c2ccnc(-c3nnn[n-]3)c2)nc1OCCO,-1.3426542722048755,ZKNIWTAZSQYWIO
COc1ccccc1Oc1c(NS(=O)(=O)c2ccc(C)cn2)nc(-c2ccnc(-c3nnn[n-]3)c2)nc1OCCO,-0.8831390801417786,GMYPFCOMLVDXRB
C[NH+](CC(O)=NO)C(=O)C1CCCCC1C(=O)[O-],1.217720100284692,QKIVRALZQSUWHH
[NH3+]CC1CCC(C(=O)[O-])CC1,1.2013627052530231,GYDJEQRTZSCIOI
C#C[C@]1(O)C=C[C@H]2[C@@H]3CC=C4CC(=O)CCC4[C@H]3CC[C@@]21CC,-0.8080832434798588,PCGOZSMTJRCWQF
C/C(=C\c1csc(C)n1)[C@@H]1C[C@@H]2O[C@]2(C)CCC[C@H](C)[C@H](O)C(C)C(=O)C(C)(C)[C@@H](O)CC(=O)N1,0.3534096376488664,FABUFPQFXZVHFB
C=C[C@@H]1C[C@]1(NC(=O)C1C[C@@H](Oc2ncc(OC)c3ccc(Cl)cc23)C[NH+]1C(=O)C(NC(=O)OC(C)(C)C)C(C)(C)C)C(=O)[N-]S(=O)(=O)C1CC1,-1.157465867023342,CLAXZTYTLSTEOX
CC(=O)O[C@H]1C[C@@H]2CC[C@@H]3[C@H](CC[C@@]4(C)[C@H]3C[C@H]([NH+]3CC[N+](C)(C)CC3)[C@@H]4OC(C)=O)[C@@]2(C)C[C@@H]1[NH+]1CC[N+](C)(C)CC1,1.2068707154322544,OWWLUIWOFHMHOQ
CC(C)(C)NC(=O)C1CC[C@H]2[C@@H]3C=CC4=CC(C(=O)[O-])CC[C@]4(C)[C@H]3CC[C@]12C,-0.6653936595423358,RNFAQHDTIWCBAR
CC(C)[NH+](CC[C@H](c1ccccc1)c1cc(CO)ccc1[O-])C(C)C,0.8454818451298726,DUXZAXCGJSBGDW
CC1(C)O[C@@H]2[C@@H](CO[C@@]3(COS(N)(=O)=O)OC(C)(C)O[C@@H]23)O1,1.0413047816763847,KJADKKWYZYXHBB
CCCCCCCC(=O)N[C@H](C[NH+]1CCCC1)[C@H](O)c1ccc2c(c1)OCCO2,0.37961123824468085,FJZZPCZKBUKGGU
CCC[NH2+][C@H]1CCc2nc(N)sc2C1,1.1304431633764145,FASDKYOPVNHBLU
CCOCCn1c(C2CC[NH+](CCc3ccc(C(C)(C)C(=O)[O-])cc3)CC2)nc2ccccc21,0.1220678886898338,ACCMWZWAEFYUGZ
CC[C@H]1C2C[C@H]3[C@@H]4[NH+](C)c5ccccc5C45C[C@@H](C2[C@H]5O)[NH+]3[C@@H]1O,0.45132110592212243,CJDRUOGAGYHKKD
COC(=O)NC(C(=O)[NH+]1CCC[C@H]1c1ncc(-c2ccc(-c3ccc(-c4cnc([C@@H]5CCC[NH+]5C(=O)C(NC(=O)OC)C(C)C)[n-]4)cc3)cc2)[n-]1)C(C)C,-1.255377335296598,LMKVDOMWAJHANR
CON=C(C(=O)NC1C(=O)[NH+]2C(C(=O)[O-])=C(C[NH+]3C=C[NH+]4[NH2+]C=CC=C34)CS[C@H]12)c1nsc(N)n1,1.056018750990343,CFVXLRWCMNOCAA
COc1cc(N)c(Cl)cc1C(=O)N[C@H]1CC[NH+](CCCOc2ccc(F)cc2)C[C@H]1OC,-0.8831390801417786,DCSUBABJRXZOMT
COc1ccc(CC[NH+](C)CCC[NH+]2Cc3cc(OC)c(OC)cc3C2=O)cc1OC,0.07908285076730298,UUMGNNQOCVDZDG
CSc1ccc(C(=O)c2[n-]c(=O)[n-]c2C)cc1,0.5711550582483093,QOMGAOCGIWHBHV
C[C@@]1(Cn2ccnn2)C(C(=O)[O-])[NH+]2C(=O)C[C@H]2S1(=O)=O,1.0261762802810634,LPQZKKCYTLCDGQ
C[NH+](C)CCn1nnnc1SCC1=C(C(=O)[O-])[NH+]2C(=O)C(NC(=O)Cc3csc(N)n3)[C@H]2SC1,0.8454818451298726,QYQDKDWGWDOFFU
C[NH2+][C@@H]1[C@@H](O)[C@@H](O[C@@H]2[C@@H](O)[C@H](O[C@H]3O[C@H]([C@@H](C)[NH3+])CC[C@H]3[NH3+])[C@@H]([NH3+])C[C@H]2[NH3+])OC[C@]1(C)O,1.217720100284692,XUFIWSHGXVLULG
Cc1ccc(S(=O)(=O)[N-]C(=O)[N-]N2C[C@H]3CCC[C@@H]3C2)cc1,-0.6653936595423358,NOKNYHMNLQMORY
Cc1nc2c([n-]1)-c1ccccc1N(C(=O)c1ccc(NC(=O)c3ccccc3-c3ccccc3)cc1)CC2,-1.255377335296598,SXMSLNDWBIHGAX
N#C[C@H]1CC2C[C@H]2[NH+]1C(=O)C([NH3+])C12CC3CC(CC(O)(C3)C1)C2,1.217720100284692,QGJUIPDUBHWZPV
Nc1nc(=O)c2nc(CNc3ccc(C(=O)NC(CCC(=O)[O-])C(=O)[O-])cc3)cnc2[n-]1,0.8454818451298726,SCRAJBHUKHRKRW
O=C(C=Cc1c(C(=O)[O-])[n-]c2cc(Cl)cc(Cl)c12)Nc1ccccc1,-2.1196877979324236,CHFREERJSGVGBH
O=C([O-])C[C@@H]1CC[C@H](NC(=O)Cc2cccs2)B(O)O1,1.002653120572914,IOOWNWLVCOUUEX
O=P([NH2+]CCCl)([NH2+]CCCl)O[C@@H]1O[C@H](CO)[C@@H](O)[C@H](O)[C@H]1O,1.0337938021112012,PSVUJBVBCOISSP
OC[C@@H]1O[C@@H](n2cnc3c2[NH+]=CNC[C@H]3O)C[C@H]1O,1.1957976162317612,FPVKHBSQESCIEP
C#CCC(Cc1cnc2nc(N)nc(N)c2n1)c1ccc(C(=O)NC(CCC(=O)[O-])C(=O)[O-])cc1,0.6223391300066244,OGSBUKJUDHAQEA
CC(C)OC(=O)CCC/C=C/C[C@@H]1[C@@H](CC[C@@H](O)CCc2ccccc2)[C@H](O)C[C@@H]1O,-0.01882861750595301,GGXICVAJURFBLW
CCOc1cc(Cc2cnc(N)nc2N)cc(OCC)c1-n1cccc1,0.07908285076730298,NMARPFMJVCXSAV
COc1cc([S+](C)O)ccc1-c1nc2ncccc2[n-]1,0.7389084748036422,JNXDPGWXNIGDRX
COc1ccccc1N1CC[NH+](C[C@@H](O)COc2cccc3ccccc23)CC1,-1.3752112876227842,HRRBJVNMSRJFHQ
C[C@H](O)C1C(=O)[NH+]2C(C(=O)[O-])=C(S[C@H]3C[NH2+][C@H](CNS(N)(=O)=O)C3)[C@@H](C)C12,1.172941984620425,AVAACINZEOAHHE
Cc1c(C)c2ccc(OCCC[NH+]3CC[NH+](Cc4ccc(Cl)cc4)CC3)cc2oc1=O,-0.39106687266077245,USCSJAIWXWYTEH
Cc1nc(=O)c2cc(CN(C)c3ccc(C(=O)NC(CCC(=O)[O-])C(=O)[O-])s3)ccc2[n-]1,-0.39106687266077245,UKGFXUWEQPEGNS
N#Cc1ccc2[nH]cc(CCCC[NH+]3CCN(c4ccc5oc(C(N)=O)cc5c4)CC3)c2c1,-0.6653936595423358,SGEGOXDYSFKCPT
NS(=O)(=O)c1ccc(S(=O)(=O)Nc2cccc3c(Cl)c[nH]c23)cc1,-2.491926053087243,SETFNECMODOHTO
OCCO[C@H]1C[C@@H](n2nnc3c([NH2+][C@@H]4C[C@H]4c4ccc(F)c(F)c4)nc([S-])nc32)[C@H](O)[C@@H]1O,-2.1196877979324236,KHPMHVDVKAOINW
C=CC1=C(C(=O)[O-])[NH+]2C(=O)C(=NC(=O)C(NOCC(=O)[O-])c3csc(N)n3)[C@H]2SC1,0.5887640549762563,FACRSCOHUPSUMI
CC(C)(C)S(=O)(=O)CC(Cc1ccccc1)C(=O)NC(Cc1c[n-]cn1)C(=O)N[C@@H](CC1CCCCC1)[C@@H](O)C(O)C1CC1,-0.33200375251526604,BYIAQYQNWSVWGH
CC1(C)O[C@@H]2C[C@H]3[C@@H]4C[C@H](F)C5=CC(=O)C=C[C@@]5(C)[C@H]4[C@@H](O)C[C@]3(C)[C@]2(C(=O)CO)O1,0.45132110592212243,XSFJVAJPIHIPKU
CC1C(=O)NC(Cc2ccc(F)cc2)C(=O)NCCCc2ccccc2O[C@H](C)C[NH2+]C(C2CC2)C(=O)[NH+]1C,-1.255377335296598,WGYPAJVJMXQXTR
CCCCC[C@@H](O)CC[C@H]1[C@@H]2Cc3cccc(OCC(=O)[O-])c3C[C@@H]2C[C@@H]1O,-0.07540998378807352,PAJMKGZZBBTTOY
CCOC(=O)N[C@@H]1CC[C@@H]2[C@H](CC3C(=O)O[C@H](C)[C@H]3[C@H]2/C=C/c2ccc(-c3cccc(F)c3)cn2)C1,-1.255377335296598,ZBGXUVOIWDMMJE
CCn1cc(C(=O)[O-])c(=O)c2cnc(N3CC[NH2+]CC3)nc21,1.0261762802810634,JOHZPMXAZQZXHR
COC(=O)c1cnc2n1CCc1ccccc1C2=C1CC[NH+](CCc2ccc(OCc3ccc4ccccc4n3)cc2)CC1,-2.491926053087243,TULGGJGJQXESOO
COCOCC(CCC1(C(=O)NC2CCC(C(=O)[O-])CC2)CCCC1)C(=O)[O-],1.1441658359983775,KIJQJNCPBKIGBI
COc1cccc2c1C(=O)c1c([O-])c3c(c([O-])c1C2=O)C[C@@](O)(C(C)=O)C[C@@H]3O[C@H]1C[C@H]([NH3+])[C@H](O)[C@H](C)O1,-0.2931554043875163,STQGQHZAVUOBTE
C[C@H]1COc2c(N3CC[NH+](C)CC3)c(F)c(N)c3c(=O)c(C(=O)[O-])cn1c23,1.1111467299584616,MHFCVNDHFSOKMK
C[NH+](C)CCNC(=O)c1cccc2cc3ccccc3nc12,-0.6653936595423358,XBGNERSKEKDZDS
Cc1cccc([C@H](C)c2c[n-]cn2)c1C,-0.2931554043875163,WXIAQRKAXQUKIA
Cn1c(=O)c2nc[n-]c2n(C)c1=O,0.9522699830193498,GUMTYTFCQLOVQF
Nc1cc(N2CCCCC2)nc(N)[n+]1[O-],1.217720100284692,ZFMITUMMTDLWHR
O=C(NC[C@H]1CN(c2ccc(N3CCOCC3=O)cc2)C(=O)O1)c1ccc(Cl)s1,-0.2931554043875163,KGFYHTZWPPHNLQ
O=c1[n-]cnc2[n-]ncc12,1.2013627052530231,FUEBOPVIMOXHCV
[O-]c1ccc([C@@H](O)C[NH2+]CCCCCCOCCOCc2c(Cl)cccc2Cl)cc1CO,-0.2931554043875163,DAFYYTQWSAWIGS
C[C@@H](N/C(NC#N)=[NH+]\c1ccncc1)C(C)(C)C,0.9433933134031287,IVVNZDGDKPTYHK
N[N-]C(=O)c1ccncc1,1.217720100284692,OSGOEONOZAIVFX
Nc1ccncc1,1.217720100284692,NUKYPUAOHBNCPY
O=C(NCCO[N+](=O)[O-])c1cccnc1,1.0703403006414316,LBHIOVVIQHSOQN
Nc1ccn([C@@H]2O[C@H](CO)C[C@@H]2F)c(=O)n1,1.217720100284692,LTDCCBLBAQXNKP
Nc1ccn([C@@H]2O[C@H](CO)[C@@H](O)[C@@H]2O)c(=O)n1,1.1429327096592248,UHDGCWIWMRVCDJ
Nc1ccn([C@H]2CC[C@@H](CO)O2)c(=O)n1,1.1957976162317612,WREGKURFCTUGRC
CC(=O)OC1=C2C(C)[C@@H](OC(=O)C(O)C(NC(=O)c3ccccc3)c3ccccc3)C[C@@](O)([C@@H](OC(=O)c3ccccc3)[C@@H]3[C@]4(OC(C)=O)CO[C@@H]4C[C@H](O)[C@@]3(C)C1=O)C2(C)C,0.07908285076730298,NDUAXKHGCJIYEQ
CC/C=C\C/C=C\C/C=C\C/C=C\C/C=C\C/C=C\CCC(=O)OC(C(=O)O[C@H]1C[C@@]2(O)[C@@H](OC(=O)c3ccccc3)[C@@H]3[C@]4(OC(C)=O)CO[C@@H]4C[C@H](O)[C@@]3(C)C(=O)C(OC(C)=O)=C(C1C)C2(C)C)[C@@H](NC(=O)c1ccccc1)c1ccccc1,-1.774995390094678,QOCSQQHOTMFPPW
CN(C)c1ccc([O-])c2c1C[C@H]1C[C@H]3[C@H]([NH+](C)C)C([O-])=C(C(N)=O)C(=O)[C@@]3(O)C([O-])=C1C2=O,-1.6276155904514173,DYKFCLLONBREIL
C[C@H]1c2cccc([O-])c2C(=O)C2=C([O-])[C@]3(O)C(=O)C(C(N)=O)=C([O-])[C@@H]([NH+](C)C)[C@@H]3[C@@H](O)[C@@H]21,0.07908285076730298,JBIWCJUYHHGXTC
CSCCNc1nc(SCCC(F)(F)F)nc2c1ncn2[C@@H]1O[C@H](CO[P@](=O)(O)O[P@](=O)(O)C(Cl)(Cl)P(=O)([O-])[O-])[C@@H](O)[C@H]1O,-0.8831390801417786,PAEBIVWUMLRPSK
Nc1nc(Cl)nc2c1ncn2[C@@H]1O[C@H](CO)[C@@H](O)[C@@H]1F,0.8767737803756072,WDDPHFBMKLOVOX
C[NH+](c1nc2ccccc2s1)C1CC[NH+](C[C@@H](O)COc2ccc(F)cc2)CC1,-1.0746829001454072,IGMKTIJBFUMVIN
C[NH+](c1nc2ccccc2s1)C1CC[NH+](C[C@H](O)COc2ccc(F)c(F)c2)CC1,-1.9019423773329804,OZFSWVOEXHGDES
C#C[C@]1(O)CC[C@H]2[C@@H]3CC=C4CC(=O)CCC4[C@H]3C(=C)C[C@@]21CC,-0.8831390801417786,BOMXWTHINLWJIE
C1COC(NC(C2CC2)C2CC2)=[NH+]1,1.1611387340025716,CQXADFVORZEARL
C=c1cc(C)[nH]c1=Cc1c(O)[nH]c2ccccc12,-1.3752112876227842,JGIFSQPBZMIFQM
CC(=O)O[C@H]1C[C@]2(O)[C@H]3CC[C@H]4C[C@H](O[C@H]5C[C@@H](O)[C@@H](O[C@H]6C[C@@H](O)[C@@H](O[C@H]7C[C@@H](O)[C@@H](O)[C@H](C)O7)[C@H](C)O6)[C@H](C)O5)CC[C@@]4(C)[C@H]3CC[C@]2(C)[C@H]1C1=CC(=O)OC1,-0.2103724375095814,NEBPBFLVSYFRQE
CC(C)(O)[C@@H]1CC[C@](C)([C@H]2[C@@H](O)C[C@@]3(C)[C@@H]4C[C@H](O[C@@H]5O[C@H](CO)[C@@H](O)[C@H](O)[C@H]5O)[C@H]5C(C)(C)[C@@H](O[C@@H]6OC[C@@H](O)[C@H](O)[C@H]6O)CC[C@@]56C[C@@]46CC[C@]23C)O1,0.16186581764523789,QMNWISYXSJWHRY
CC(O)C(CO)NC(=O)C1CSSCC(NC(=O)C([NH3+])Cc2ccccc2)C(=O)NC(Cc2ccccc2)C(=O)NC(Cc2c[nH]c3ccccc23)C(=O)NC(CCCC[NH3+])C(=O)NC(C(C)O)C(=O)N1,0.6539380251262441,DEQANNDTNATYII
CCC(C)C(=O)O[C@H]1C[C@@H](C)C=C2C=C[C@H](C)[C@H](CC[C@@H](O)C[C@@H](O)CC(=O)[O-])[C@H]21,-0.47206272878884026,QLJODMDSTUBWDW
CCCCc1nc(Cl)c(CO)n1Cc1ccc(-c2ccccc2-c2nnn[n-]2)cc1,-1.255377335296598,MDMTUGIZSFHDIC
CCCc1c2oc(C(=O)[O-])cc(=O)c2cc2c(=O)cc(C(=O)[O-])n(CC)c12,0.03235545425236201,RQTOOFIXOKYGAN
CCOP(=O)(OCC)[C@@H](NC(=O)[C@]1(O)[C@@H](O)[C@@]2(CC)C=CC[NH+]3CC[C@]4(c5cc([C@@]6(C(=O)OC)C[C@H]7C[N@@H+](CCc8c6[nH]c6ccccc86)C[C@@](O)(CC)C7)c(OC)cc5[NH+](C)[C@@H]14)[C@@H]32)C(C)C,-0.01882861750595301,BOELCLFVOBIXIF
CCc1cc2c(cc1CC)CC([NH2+]C[C@H](O)c1ccc([O-])c3[n-]c(=O)ccc13)C2,-0.39106687266077245,ZGNMJASADIRLJU
COC1C(=O)C(C)C[C@H](C)/C=C/C=C/C=C(\C)[C@@H](OC)C[C@@H]2CC[C@@H](C)[C@@](O)(O2)C(=O)C(=O)[NH+]2CCCCC2C(=O)O[C@H]([C@H](C)C[C@@H]2CC[C@H](n3cnnn3)[C@H](OC)C2)CC(=O)C(C)=CC(C)[C@H]1O,0.4943061438446531,UOZZDEYFDFKHQS
CO[C@@]1(NC(O)=c2sc(=C(C(N)=O)C(=O)[O-])s2)C(=O)[NH+]2C(C(=O)[O-])=C(CSc3nnnn3C)CS[C@@H]21,0.1989168030934899,SMRZELGKBINBNK
COc1cc2nc(N(C)CCCNC(=O)C3CCCO3)nc(N)c2cc1OC,0.16186581764523789,WNMJYKCGWZFFKR
COc1ccc(Cl)cc1C(=O)NCCc1ccc(S(=O)(=O)[N-]C(=O)[NH2+]C2CCCCC2)cc1,-0.8569374795459641,LGAKZQBLEAFCQV
C[C@@H](OC[C@@]1(c2ccccc2)CC[C@]2(CCC(=O)N2)C[NH2+]1)c1cc(C(F)(F)F)cc(C(F)(F)F)c1,-2.1196877979324236,FIVSJYGQAIEMOC
C[C@H]1COc2c(C3([NH3+])CC3)c(F)cc3c(=O)c(C(=O)[O-])cn1c23,1.0911310112833887,XAGMUUZPGZWTRP
C[NH+]1C(C(=O)Nc2ccccn2)C(=O)c2sccc2S1(=O)=O,-1.3426542722048755,OTGJPAOGHQFBMI
Cc1[n-]cnc1C[NH+]1CCc2c(c3ccccc3n2C)C1=O,0.29682827136674594,QPIMGCPPYUUAAD
Cc1ccc([C@@H]2O[C@H](CO)[C@@H](O)[C@H](O)[C@H]2O)cc1Cc1ccc(-c2ccc(F)cc2)s1,-1.255377335296598,XTNGUQKDFGDXSJ
Cc1nc2sccn2c(=O)c1CC[NH+]1CCC(=C(c2ccc(F)cc2)c2ccc(F)cc2)CC1,-1.3752112876227842,JUQLTPCYUFPYKE
N#C[C@H]1CCC[NH+]1C(=O)C[NH2+]C12C[C@@H]3C[C@@H](CC(O)(C3)C1)C2,1.1521878770171063,SYOKIDBDQMKNDQ
Nc1nc(C(=NO)C(=O)NC2C(=O)[NH+]3C(C(=O)[O-])=C(C=C4CC[NH+](CC(F)(F)F)C4=O)CS[C@H]23)cs1,-0.47206272878884026,NOAJGZYUGGBORE
O=C(O[C@H]1C[C@H]2CC3C[C@@H](C1)[NH+]2CC3=O)c1c[nH]c2ccccc12,0.8346324602774349,UKTAZPQNNNJVKR
O=C([O-])c1cc(N=Nc2ccc([O-])c(C(=O)[O-])c2)ccc1[O-],-1.255377335296598,QQBDLJCYGRGAKP
O=P([O-])([O-])C([NH2+]C1CCCCCC1)P(=O)([O-])[O-],1.1611387340025716,LWRDQHOZTAOILO
O[C@@H](C[NH2+]C[C@H](O)[C@H]1CCc2cc(F)ccc2O1)[C@@H]1CCc2cc(F)ccc2O1,-0.8831390801417786,KOHIRBRYDXPAMZ
CC(=O)[C@]1(O)Cc2c([O-])c3c(c([O-])c2[C@@H](O[C@H]2C[C@H]([NH+]4CC4)[C@H](OS(C)(=O)=O)[C@H](C)O2)C1)C(=O)c1ccccc1C3=O,-1.529704122178161,VMDWTZZCNDEKIO
CC(c1nc(-c2ccc(C#N)cc2)cs1)[C@@](O)(Cn1cncn1)c1cc(F)ccc1F,-1.255377335296598,DDFOUSQFMYRUQK
CC[C@@]1(O)CC(=O)OCc2c1cc1n(c2=O)Cc2cc3cc(F)c(F)cc3nc2-1,0.10392747583363231,LFQCJSBXBZRMTN
COc1cc2c(cc1OC)CC(=O)[NH+](CCC[NH+](C)C[C@H]1Cc3cc(OC)c(OC)cc31)CC2,0.5341040728000572,ACRHBAYQBXXRTO
C[C@@H](O)C1C(=O)[NH+]2C(C(=O)[O-])=C(COC(N)=O)S[C@H]12,1.0413047816763847,IKQNRQOUOZJHTR
C[C@]12CC=C3C4=C(CCC3[C@@H]1CC[C@@]2(O)CC#N)CC(=O)CC4,-0.01882861750595301,WUQMVSOZWZOUJR
Cc1cc(=O)n(-c2ccccc2)[nH]1,1.1551383778940658,KZQYIMCESJLPQH
Cc1nccn1CCC(C(N)=O)(c1ccccc1)c1ccccc1,0.07908285076730298,SQKXYSGRELMAAU
N#Cc1ccccc1-c1cc(-c2ccccn2)cn(-c2ccccc2)c1=O,-0.39106687266077245,PRMWGUBFXWROHD
Nc1nc2[nH]cc(CCc3ccc(C(=O)NC(CCC(=O)[O-])C(=O)[O-])cc3)c2c(=O)[n-]1,0.32586379033179275,MHOKZADPGPVIBF
S=c1[n-]cnc2[n-]cnc12,1.1304431633764145,NRKSOJNEWHCOOP
C=CCC1=CC(C)C[C@H](C)C[C@H](OC)[C@H]2O[C@@](O)(C(=O)C(=O)[NH+]3CCCCC3C(=O)O[C@H](/C(C)=C/[C@@H]3CC[C@@H](O)[C@H](OC)C3)[C@H](C)[C@@H](O)CC1=O)[C@H](C)C[C@@H]2OC,-1.255377335296598,SLUYGGAVUSVJOT
CC(C)(C)c1nc(-c2cccc(NS(=O)(=O)c3c(F)cccc3F)c2F)c(-c2ccnc(N)n2)s1,-1.9019423773329804,BFSMGDJOXZAERB
CC1(C)SC2C(NC(=O)C(NC(=O)c3cnc4cccnc4c3[O-])c3ccccc3)C(=O)[NH+]2C1C(=O)[O-],-0.01882861750595301,XMQVYNAURODYCQ
CC1C(=O)O[C@H]2[C@H](O)C34[C@H]5C[C@@H](C(C)(C)C)C36C(O)C(=O)O[C@H]6OC4(C(=O)O5)[C@@]12O,1.0978861479585054,SQOJOAFXDQDRGF
CCCC[C@@H]1CC(=O)[C@]2(O)O[C@@H]3[C@@H]([NH2+]C)[C@@H](O)[C@@H]([NH2+]C)[C@H](O)[C@H]3O[C@@H]2O1,0.9863783513256593,KHAUBYTYGDOYRU
CCOc1cc([C@@H](CS(C)(=O)=O)[NH+]2C(=O)c3cccc(CC(C)=O)c3C2=O)ccc1OC,0.6058139404774988,MUKPBEDSDFRMNQ
CN1c2ccccc2[C@@H]([NH2+]CCCCCCC(=O)[O-])c2ccc(Cl)cc2S1(=O)=O,-0.39106687266077245,JICJBGPOMZQUBB
COC1=C(C(=O)[O-])[NH+]2C(=O)C(NC(=O)C([NH3+])C3=CCC=CC3)[C@H]2SC1,-0.01882861750595301,RDMOROXKXONCAL
CO[C@H]1C[C@@H](O[C@@H]2C(C)C(=O)O[C@H](C)[C@H](C)[C@H](O)C(C)C(=O)[C@@]3(CO3)C[C@H](C)[C@H](O[C@H]3O[C@@H](C)C[C@@H]([NH+](C)C)[C@H]3O)[C@H]2C)O[C@@H](C)[C@@H]1O,0.7256478928036857,RZPAKFUAFGMUPI
C[C@@H](O)C1C(=O)[NH+]2C(C(=O)[O-])=C(S[C@H]3CC[S@@+](O)C3)S[C@@H]12,1.1611387340025716,OGOMMWZCHRPDKB
C[C@H]1C[NH+](CC(Cc2ccccc2)C(=O)NCC(=O)[O-])CC[C@@]1(C)c1cccc([O-])c1,0.3534096376488664,UPNUIXSCZBYVBB
C[NH+](C)C[C@H](c1ccc([O-])cc1)C1(O)CCCCC1,1.0261762802810634,KYYIDSXMWOZKMP
Cc1ccccc1C(=O)Nc1ccc(C(=O)N2CCC[C@H](O)c3cc(Cl)ccc32)c(C)c1,-1.255377335296598,GYHCTFXIZSNGJT
Cn1c(NCC[NH+](CCO)CCCc2ccc([N+](=O)[O-])cc2)cc(=O)n(C)c1=O,-0.07540998378807352,OEBPANQZQGQPHF
Nc1ccn(C[C@@H](CO)OCP(=O)([O-])[O-])c(=O)n1,1.217720100284692,VWFCHDSQECPREK
O=C(O[C@H]1CC2CC[C@@H](C1)[N+]21CCCC1)C(O)(c1ccccc1)c1ccccc1,0.6223391300066244,OYYDSUSKLWTMMQ
O=c1c(CC[S+](O)c2ccccc2)c(O)n(-c2ccccc2)n1-c1ccccc1,-0.970416017050056,VESRCPPWLJEJIB
